FrameStartEst,FrameEndEst,Word,SentenceLocation,NearestAudioFrameStart,NearestAudioFrameEnd,CapTimeFrameStart,CapTimeFrameEnd,SourceFileName,timeFrameString
17,22,all,0,5,27,17,101,1149_xvid,00:00:05.900 --> 00:00:08.700
22,33,across,1,22,39,17,101,1149_xvid,00:00:05.900 --> 00:00:08.700
33,46,america,2,33,45,17,101,1149_xvid,00:00:05.900 --> 00:00:08.700
46,51,are,3,46,50,17,101,1149_xvid,00:00:05.900 --> 00:00:08.700
51,58,good,4,51,71,17,101,1149_xvid,00:00:05.900 --> 00:00:08.700
58,69,decent,5,51,71,17,101,1149_xvid,00:00:05.900 --> 00:00:08.700
69,78,folks,6,51,78,17,101,1149_xvid,00:00:05.900 --> 00:00:08.700
78,83,who,7,74,85,17,101,1149_xvid,00:00:05.900 --> 00:00:08.700
83,90,meet,8,80,96,17,101,1149_xvid,00:00:05.900 --> 00:00:08.700
90,99,their,9,88,105,17,101,1149_xvid,00:00:05.900 --> 00:00:08.700
101,130,obligations,0,97,133,101,170,1149_xvid,00:00:08.700 --> 00:00:11.000
130,140,each,1,126,142,101,170,1149_xvid,00:00:08.700 --> 00:00:11.000
140,148,and,2,134,177,101,170,1149_xvid,00:00:08.700 --> 00:00:11.000
148,161,every,3,147,177,101,170,1149_xvid,00:00:08.700 --> 00:00:11.000
161,169,day,4,147,177,101,170,1149_xvid,00:00:08.700 --> 00:00:11.000
170,182,they,0,147,186,170,207,1149_xvid,00:00:11.000 --> 00:00:12.233
182,194,work,1,180,210,170,207,1149_xvid,00:00:11.000 --> 00:00:12.233
194,206,hard,2,191,210,170,207,1149_xvid,00:00:11.000 --> 00:00:12.233
207,215,they,0,191,216,207,255,1149_xvid,00:00:12.233 --> 00:00:13.834
215,229,support,1,213,236,207,255,1149_xvid,00:00:12.233 --> 00:00:13.834
229,239,their,2,223,260,207,255,1149_xvid,00:00:12.233 --> 00:00:13.834
239,255,families,3,238,260,207,255,1149_xvid,00:00:12.233 --> 00:00:13.834
255,262,they,0,238,266,255,330,1149_xvid,00:00:13.834 --> 00:00:16.333
262,267,try,1,263,266,255,330,1149_xvid,00:00:13.834 --> 00:00:16.333
267,271,to,2,267,273,255,330,1149_xvid,00:00:13.834 --> 00:00:16.333
271,278,make,3,267,281,255,330,1149_xvid,00:00:13.834 --> 00:00:16.333
278,282,an,4,274,281,255,330,1149_xvid,00:00:13.834 --> 00:00:16.333
282,293,honest,5,282,293,255,330,1149_xvid,00:00:13.834 --> 00:00:16.333
293,304,living,6,294,336,255,330,1149_xvid,00:00:13.834 --> 00:00:16.333
304,309,the,7,300,336,255,330,1149_xvid,00:00:13.834 --> 00:00:16.333
309,316,best,8,300,336,255,330,1149_xvid,00:00:13.834 --> 00:00:16.333
316,323,they,9,300,336,255,330,1149_xvid,00:00:13.834 --> 00:00:16.333
323,328,can,10,300,336,255,330,1149_xvid,00:00:13.834 --> 00:00:16.333
330,335,and,0,300,336,330,409,1149_xvid,00:00:16.333 --> 00:00:18.967
335,342,this,1,300,341,330,409,1149_xvid,00:00:16.333 --> 00:00:18.967
342,354,weekend,2,342,379,330,409,1149_xvid,00:00:16.333 --> 00:00:18.967
354,361,many,3,342,379,330,409,1149_xvid,00:00:16.333 --> 00:00:18.967
361,366,are,4,342,379,330,409,1149_xvid,00:00:16.333 --> 00:00:18.967
366,378,sitting,5,342,379,330,409,1149_xvid,00:00:16.333 --> 00:00:18.967
378,385,down,6,342,392,330,409,1149_xvid,00:00:16.333 --> 00:00:18.967
385,388,to,7,385,392,330,409,1149_xvid,00:00:16.333 --> 00:00:18.967
388,393,pay,8,385,392,330,409,1149_xvid,00:00:16.333 --> 00:00:18.967
393,398,the,9,393,402,330,409,1149_xvid,00:00:16.333 --> 00:00:18.967
398,407,taxes,10,396,418,330,409,1149_xvid,00:00:16.333 --> 00:00:18.967
409,420,they,0,404,440,409,471,1149_xvid,00:00:18.967 --> 00:00:21.033
420,428,owe,1,404,440,409,471,1149_xvid,00:00:18.967 --> 00:00:21.033
428,436,not,2,427,440,409,471,1149_xvid,00:00:18.967 --> 00:00:21.033
436,455,because,3,427,460,409,471,1149_xvid,00:00:18.967 --> 00:00:21.033
455,463,its,4,455,476,409,471,1149_xvid,00:00:18.967 --> 00:00:21.033
463,471,fun,5,455,476,409,471,1149_xvid,00:00:18.967 --> 00:00:21.033
471,478,but,0,455,479,471,600,1149_xvid,00:00:21.033 --> 00:00:25.333
478,494,because,1,477,496,471,600,1149_xvid,00:00:21.033 --> 00:00:25.333
494,501,its,2,493,501,471,600,1149_xvid,00:00:21.033 --> 00:00:25.333
501,503,a,3,497,507,471,600,1149_xvid,00:00:21.033 --> 00:00:25.333
503,529,fundamental,4,497,538,471,600,1149_xvid,00:00:21.033 --> 00:00:25.333
529,562,responsibility,5,527,567,471,600,1149_xvid,00:00:21.033 --> 00:00:25.333
562,567,of,6,562,567,471,600,1149_xvid,00:00:21.033 --> 00:00:25.333
567,574,our,7,562,604,471,600,1149_xvid,00:00:21.033 --> 00:00:25.333
574,600,citizenship,8,570,604,471,600,1149_xvid,00:00:21.033 --> 00:00:25.333
600,605,but,0,570,604,600,687,1149_xvid,00:00:25.333 --> 00:00:28.233
605,608,in,1,606,610,600,687,1149_xvid,00:00:25.333 --> 00:00:28.233
608,616,tough,2,606,621,600,687,1149_xvid,00:00:25.333 --> 00:00:28.233
616,624,times,3,614,652,600,687,1149_xvid,00:00:25.333 --> 00:00:28.233
624,631,when,4,624,652,600,687,1149_xvid,00:00:25.333 --> 00:00:28.233
631,638,many,5,624,652,600,687,1149_xvid,00:00:25.333 --> 00:00:28.233
638,651,families,6,624,652,600,687,1149_xvid,00:00:25.333 --> 00:00:28.233
651,656,are,7,624,671,600,687,1149_xvid,00:00:25.333 --> 00:00:28.233
656,666,having,8,654,671,600,687,1149_xvid,00:00:25.333 --> 00:00:28.233
666,678,trouble,9,654,680,600,687,1149_xvid,00:00:25.333 --> 00:00:28.233
678,685,just,10,676,684,600,687,1149_xvid,00:00:25.333 --> 00:00:28.233
687,706,making,0,687,722,687,828,1149_xvid,00:00:28.233 --> 00:00:32.934
706,712,it,1,699,722,687,828,1149_xvid,00:00:28.233 --> 00:00:32.934
712,722,all,2,712,722,687,828,1149_xvid,00:00:28.233 --> 00:00:32.934
722,735,work,3,712,753,687,828,1149_xvid,00:00:28.233 --> 00:00:32.934
735,745,tax,4,724,753,687,828,1149_xvid,00:00:28.233 --> 00:00:32.934
745,755,day,5,744,756,687,828,1149_xvid,00:00:28.233 --> 00:00:32.934
755,765,can,6,755,778,687,828,1149_xvid,00:00:28.233 --> 00:00:32.934
765,778,seem,7,764,778,687,828,1149_xvid,00:00:28.233 --> 00:00:32.934
778,791,even,8,779,794,687,828,1149_xvid,00:00:28.233 --> 00:00:32.934
791,804,more,9,790,845,687,828,1149_xvid,00:00:28.233 --> 00:00:32.934
804,829,daunting,10,801,845,687,828,1149_xvid,00:00:28.233 --> 00:00:32.934
828,836,this,0,801,845,828,907,1149_xvid,00:00:32.934 --> 00:00:35.567
836,844,year,1,801,845,828,907,1149_xvid,00:00:32.934 --> 00:00:35.567
844,857,however,2,801,873,828,907,1149_xvid,00:00:32.934 --> 00:00:35.567
857,865,many,3,847,873,828,907,1149_xvid,00:00:32.934 --> 00:00:35.567
865,882,americans,4,847,884,828,907,1149_xvid,00:00:32.934 --> 00:00:35.567
882,888,are,5,880,912,828,907,1149_xvid,00:00:32.934 --> 00:00:35.567
888,899,seeing,6,888,912,828,907,1149_xvid,00:00:32.934 --> 00:00:35.567
899,907,some,7,888,912,828,907,1149_xvid,00:00:32.934 --> 00:00:35.567
907,931,welcome,0,888,960,907,953,1149_xvid,00:00:35.567 --> 00:00:37.100
931,952,relief,1,927,960,907,953,1149_xvid,00:00:35.567 --> 00:00:37.100
953,956,so,0,927,960,953,1027,1149_xvid,00:00:37.100 --> 00:00:39.567
956,960,far,1,927,960,953,1027,1149_xvid,00:00:37.100 --> 00:00:39.567
960,972,americans,2,927,971,953,1027,1149_xvid,00:00:37.100 --> 00:00:39.567
972,976,who,3,963,983,953,1027,1149_xvid,00:00:37.100 --> 00:00:39.567
976,981,have,4,974,983,953,1027,1149_xvid,00:00:37.100 --> 00:00:39.567
981,988,filed,5,974,992,953,1027,1149_xvid,00:00:37.100 --> 00:00:39.567
988,995,their,6,985,1000,953,1027,1149_xvid,00:00:37.100 --> 00:00:39.567
995,1002,taxes,7,995,1004,953,1027,1149_xvid,00:00:37.100 --> 00:00:39.567
1002,1007,have,8,1002,1011,953,1027,1149_xvid,00:00:37.100 --> 00:00:39.567
1007,1021,discovered,9,1005,1025,953,1027,1149_xvid,00:00:37.100 --> 00:00:39.567
1021,1026,that,10,1013,1025,953,1027,1149_xvid,00:00:37.100 --> 00:00:39.567
1027,1034,the,0,1026,1036,1027,1136,1149_xvid,00:00:39.567 --> 00:00:43.200
1034,1051,average,1,1034,1073,1027,1136,1149_xvid,00:00:39.567 --> 00:00:43.200
1051,1066,refund,2,1047,1073,1027,1136,1149_xvid,00:00:39.567 --> 00:00:43.200
1066,1071,is,3,1053,1073,1027,1136,1149_xvid,00:00:39.567 --> 00:00:43.200
1071,1076,up,4,1053,1088,1027,1136,1149_xvid,00:00:39.567 --> 00:00:43.200
1076,1091,nearly,5,1075,1095,1027,1136,1149_xvid,00:00:39.567 --> 00:00:43.200
1091,1098,ten,6,1090,1108,1027,1136,1149_xvid,00:00:39.567 --> 00:00:43.200
1098,1115,percent,7,1099,1120,1027,1136,1149_xvid,00:00:39.567 --> 00:00:43.200
1115,1125,this,8,1111,1144,1027,1136,1149_xvid,00:00:39.567 --> 00:00:43.200
1125,1135,year,9,1121,1144,1027,1136,1149_xvid,00:00:39.567 --> 00:00:43.200
1136,1140,to,0,1121,1144,1136,1229,1149_xvid,00:00:43.200 --> 00:00:46.300
1140,1144,an,1,1121,1144,1136,1229,1149_xvid,00:00:43.200 --> 00:00:46.300
1144,1151,all,2,1145,1150,1136,1229,1149_xvid,00:00:43.200 --> 00:00:46.300
1151,1160,time,3,1145,1169,1136,1229,1149_xvid,00:00:43.200 --> 00:00:46.300
1160,1169,high,4,1154,1169,1136,1229,1149_xvid,00:00:43.200 --> 00:00:46.300
1169,1173,of,5,1154,1174,1136,1229,1149_xvid,00:00:43.200 --> 00:00:46.300
1173,1184,about,6,1171,1185,1136,1229,1149_xvid,00:00:43.200 --> 00:00:46.300
1184,1195,three,7,1178,1205,1136,1229,1149_xvid,00:00:43.200 --> 00:00:46.300
1195,1213,thousand,8,1188,1235,1136,1229,1149_xvid,00:00:43.200 --> 00:00:46.300
1213,1228,dollars,9,1208,1235,1136,1229,1149_xvid,00:00:43.200 --> 00:00:46.300
1229,1237,this,0,1218,1242,1229,1304,1149_xvid,00:00:46.300 --> 00:00:48.800
1237,1241,is,1,1237,1242,1229,1304,1149_xvid,00:00:46.300 --> 00:00:48.800
1241,1247,due,2,1237,1249,1229,1304,1149_xvid,00:00:46.300 --> 00:00:48.800
1247,1251,in,3,1245,1258,1229,1304,1149_xvid,00:00:46.300 --> 00:00:48.800
1251,1261,large,4,1245,1262,1229,1304,1149_xvid,00:00:46.300 --> 00:00:48.800
1261,1269,part,5,1261,1273,1229,1304,1149_xvid,00:00:46.300 --> 00:00:48.800
1269,1273,to,6,1269,1273,1229,1304,1149_xvid,00:00:46.300 --> 00:00:48.800
1273,1279,the,7,1269,1280,1229,1304,1149_xvid,00:00:46.300 --> 00:00:48.800
1279,1295,recovery,8,1275,1307,1229,1304,1149_xvid,00:00:46.300 --> 00:00:48.800
1295,1301,act,9,1284,1307,1229,1304,1149_xvid,00:00:46.300 --> 00:00:48.800
1304,1308,in,0,1284,1307,1304,1389,1149_xvid,00:00:48.800 --> 00:00:51.633
1308,1316,fact,1,1308,1324,1304,1389,1149_xvid,00:00:48.800 --> 00:00:51.633
1316,1322,one,2,1315,1324,1304,1389,1149_xvid,00:00:48.800 --> 00:00:51.633
1322,1332,third,3,1315,1337,1304,1389,1149_xvid,00:00:48.800 --> 00:00:51.633
1332,1336,of,4,1331,1337,1304,1389,1149_xvid,00:00:48.800 --> 00:00:51.633
1336,1342,the,5,1331,1346,1304,1389,1149_xvid,00:00:48.800 --> 00:00:51.633
1342,1357,recovery,6,1338,1360,1304,1389,1149_xvid,00:00:48.800 --> 00:00:51.633
1357,1363,act,7,1353,1380,1304,1389,1149_xvid,00:00:48.800 --> 00:00:51.633
1363,1369,was,8,1353,1380,1304,1389,1149_xvid,00:00:48.800 --> 00:00:51.633
1369,1377,made,9,1365,1380,1304,1389,1149_xvid,00:00:48.800 --> 00:00:51.633
1377,1381,up,10,1365,1380,1304,1389,1149_xvid,00:00:48.800 --> 00:00:51.633
1381,1385,of,11,1382,1384,1304,1389,1149_xvid,00:00:48.800 --> 00:00:51.633
1385,1391,tax,12,1385,1392,1304,1389,1149_xvid,00:00:48.800 --> 00:00:51.633
1389,1398,cuts,0,1385,1399,1389,1480,1149_xvid,00:00:51.633 --> 00:00:54.667
1398,1404,tax,1,1397,1404,1389,1480,1149_xvid,00:00:51.633 --> 00:00:54.667
1404,1413,cuts,2,1401,1427,1389,1480,1149_xvid,00:00:51.633 --> 00:00:54.667
1413,1422,that,3,1410,1427,1389,1480,1149_xvid,00:00:51.633 --> 00:00:54.667
1422,1431,have,4,1410,1430,1389,1480,1149_xvid,00:00:51.633 --> 00:00:54.667
1431,1446,already,5,1432,1452,1389,1480,1149_xvid,00:00:51.633 --> 00:00:54.667
1446,1463,provided,6,1444,1462,1389,1480,1149_xvid,00:00:51.633 --> 00:00:54.667
1463,1472,more,7,1463,1473,1389,1480,1149_xvid,00:00:51.633 --> 00:00:54.667
1472,1481,than,8,1467,1487,1389,1480,1149_xvid,00:00:51.633 --> 00:00:54.667
1480,1487,one,0,1474,1487,1480,1619,1149_xvid,00:00:54.667 --> 00:00:59.300
1487,1503,hundred,1,1482,1505,1480,1619,1149_xvid,00:00:54.667 --> 00:00:59.300
1503,1514,sixty,2,1502,1534,1480,1619,1149_xvid,00:00:54.667 --> 00:00:59.300
1514,1530,dollars,3,1506,1534,1480,1619,1149_xvid,00:00:54.667 --> 00:00:59.300
1530,1546,billion,4,1506,1559,1480,1619,1149_xvid,00:00:54.667 --> 00:00:59.300
1546,1551,in,5,1544,1559,1480,1619,1149_xvid,00:00:54.667 --> 00:00:59.300
1551,1565,relief,6,1544,1587,1480,1619,1149_xvid,00:00:54.667 --> 00:00:59.300
1565,1572,for,7,1566,1587,1480,1619,1149_xvid,00:00:54.667 --> 00:00:59.300
1572,1590,families,8,1566,1595,1480,1619,1149_xvid,00:00:54.667 --> 00:00:59.300
1590,1597,and,9,1590,1600,1480,1619,1149_xvid,00:00:54.667 --> 00:00:59.300
1597,1620,businesses,10,1597,1636,1480,1619,1149_xvid,00:00:54.667 --> 00:00:59.300
1619,1624,and,0,1606,1636,1619,1734,1149_xvid,00:00:59.300 --> 00:01:03.133
1624,1635,nearly,1,1606,1636,1619,1734,1149_xvid,00:00:59.300 --> 00:01:03.133
1635,1640,one,2,1606,1643,1619,1734,1149_xvid,00:00:59.300 --> 00:01:03.133
1640,1652,hundred,3,1641,1668,1619,1734,1149_xvid,00:00:59.300 --> 00:01:03.133
1652,1664,dollars,4,1650,1668,1619,1734,1149_xvid,00:00:59.300 --> 00:01:03.133
1664,1676,billion,5,1650,1701,1619,1734,1149_xvid,00:00:59.300 --> 00:01:03.133
1676,1680,of,6,1672,1701,1619,1734,1149_xvid,00:00:59.300 --> 00:01:03.133
1680,1687,that,7,1672,1701,1619,1734,1149_xvid,00:00:59.300 --> 00:01:03.133
1687,1694,goes,8,1672,1701,1619,1734,1149_xvid,00:00:59.300 --> 00:01:03.133
1694,1708,directly,9,1672,1707,1619,1734,1149_xvid,00:00:59.300 --> 00:01:03.133
1708,1715,into,10,1705,1720,1619,1734,1149_xvid,00:00:59.300 --> 00:01:03.133
1715,1720,the,11,1711,1720,1619,1734,1149_xvid,00:00:59.300 --> 00:01:03.133
1720,1732,pockets,12,1711,1731,1619,1734,1149_xvid,00:00:59.300 --> 00:01:03.133
1734,1741,of,0,1735,1746,1734,1799,1149_xvid,00:01:03.133 --> 00:01:05.300
1741,1766,working,1,1741,1768,1734,1799,1149_xvid,00:01:03.133 --> 00:01:05.300
1766,1798,americans,2,1763,1806,1734,1799,1149_xvid,00:01:03.133 --> 00:01:05.300
1799,1803,no,0,1773,1806,1799,1863,1149_xvid,00:01:05.300 --> 00:01:07.433
1803,1809,one,1,1773,1813,1799,1863,1149_xvid,00:01:05.300 --> 00:01:07.433
1809,1815,ive,2,1809,1823,1799,1863,1149_xvid,00:01:05.300 --> 00:01:07.433
1815,1821,met,3,1816,1823,1799,1863,1149_xvid,00:01:05.300 --> 00:01:07.433
1821,1825,is,4,1816,1833,1799,1863,1149_xvid,00:01:05.300 --> 00:01:07.433
1825,1839,looking,5,1825,1838,1799,1863,1149_xvid,00:01:05.300 --> 00:01:07.433
1839,1845,for,6,1840,1863,1799,1863,1149_xvid,00:01:05.300 --> 00:01:07.433
1845,1847,a,7,1840,1863,1799,1863,1149_xvid,00:01:05.300 --> 00:01:07.433
1847,1861,handout,8,1840,1863,1799,1863,1149_xvid,00:01:05.300 --> 00:01:07.433
1863,1869,and,0,1864,1871,1863,1922,1149_xvid,00:01:07.433 --> 00:01:09.400
1869,1879,thats,1,1867,1889,1863,1922,1149_xvid,00:01:07.433 --> 00:01:09.400
1879,1885,not,2,1877,1889,1863,1922,1149_xvid,00:01:07.433 --> 00:01:09.400
1885,1893,what,3,1877,1893,1863,1922,1149_xvid,00:01:07.433 --> 00:01:09.400
1893,1903,these,4,1894,1924,1863,1922,1149_xvid,00:01:07.433 --> 00:01:09.400
1903,1909,tax,5,1894,1924,1863,1922,1149_xvid,00:01:07.433 --> 00:01:09.400
1909,1917,cuts,6,1908,1924,1863,1922,1149_xvid,00:01:07.433 --> 00:01:09.400
1917,1923,are,7,1908,1924,1863,1922,1149_xvid,00:01:07.433 --> 00:01:09.400
1922,1934,instead,0,1908,1934,1922,2012,1149_xvid,00:01:09.400 --> 00:01:12.400
1934,1944,theyre,1,1932,1949,1922,2012,1149_xvid,00:01:09.400 --> 00:01:12.400
1944,1958,targeted,2,1937,1959,1922,2012,1149_xvid,00:01:09.400 --> 00:01:12.400
1958,1968,relief,3,1951,1970,1922,2012,1149_xvid,00:01:09.400 --> 00:01:12.400
1968,1971,to,4,1966,1970,1922,2012,1149_xvid,00:01:09.400 --> 00:01:12.400
1971,1978,help,5,1966,1987,1922,2012,1149_xvid,00:01:09.400 --> 00:01:12.400
1978,1988,middle,6,1977,1987,1922,2012,1149_xvid,00:01:09.400 --> 00:01:12.400
1988,1997,class,7,1977,1996,1922,2012,1149_xvid,00:01:09.400 --> 00:01:12.400
1997,2011,families,8,1998,2017,1922,2012,1149_xvid,00:01:09.400 --> 00:01:12.400
2012,2030,weather,0,1998,2034,2012,2104,1149_xvid,00:01:12.400 --> 00:01:15.467
2030,2038,the,1,2029,2055,2012,2104,1149_xvid,00:01:12.400 --> 00:01:15.467
2038,2051,storm,2,2029,2055,2012,2104,1149_xvid,00:01:12.400 --> 00:01:15.467
2051,2056,to,3,2046,2055,2012,2104,1149_xvid,00:01:12.400 --> 00:01:15.467
2056,2079,jumpstart,4,2046,2085,2012,2104,1149_xvid,00:01:12.400 --> 00:01:15.467
2079,2087,our,5,2073,2106,2012,2104,1149_xvid,00:01:12.400 --> 00:01:15.467
2087,2105,economy,6,2081,2106,2012,2104,1149_xvid,00:01:12.400 --> 00:01:15.467
2104,2110,and,0,2103,2127,2104,2185,1149_xvid,00:01:15.467 --> 00:01:18.166
2110,2114,to,1,2107,2127,2104,2185,1149_xvid,00:01:15.467 --> 00:01:18.166
2114,2123,bring,2,2107,2127,2104,2185,1149_xvid,00:01:15.467 --> 00:01:18.166
2123,2129,the,3,2107,2136,2104,2185,1149_xvid,00:01:15.467 --> 00:01:18.166
2129,2151,fundamentals,4,2128,2166,2104,2185,1149_xvid,00:01:15.467 --> 00:01:18.166
2151,2155,of,5,2152,2166,2104,2185,1149_xvid,00:01:15.467 --> 00:01:18.166
2155,2161,the,6,2152,2166,2104,2185,1149_xvid,00:01:15.467 --> 00:01:18.166
2161,2176,american,7,2152,2188,2104,2185,1149_xvid,00:01:15.467 --> 00:01:18.166
2176,2185,dream,8,2176,2188,2104,2185,1149_xvid,00:01:15.467 --> 00:01:18.166
2185,2198,making,0,2176,2208,2185,2289,1149_xvid,00:01:18.166 --> 00:01:21.633
2198,2202,an,1,2190,2208,2185,2289,1149_xvid,00:01:18.166 --> 00:01:21.633
2202,2215,honest,2,2190,2247,2185,2289,1149_xvid,00:01:18.166 --> 00:01:21.633
2215,2228,living,3,2209,2247,2185,2289,1149_xvid,00:01:18.166 --> 00:01:21.633
2228,2243,earning,4,2209,2247,2185,2289,1149_xvid,00:01:18.166 --> 00:01:21.633
2243,2247,an,5,2209,2247,2185,2289,1149_xvid,00:01:18.166 --> 00:01:21.633
2247,2266,education,6,2248,2273,2185,2289,1149_xvid,00:01:18.166 --> 00:01:21.633
2266,2279,owning,7,2248,2291,2185,2289,1149_xvid,00:01:18.166 --> 00:01:21.633
2279,2281,a,8,2276,2291,2185,2289,1149_xvid,00:01:18.166 --> 00:01:21.633
2281,2289,home,9,2276,2291,2185,2289,1149_xvid,00:01:18.166 --> 00:01:21.633
2289,2297,and,0,2276,2296,2289,2442,1149_xvid,00:01:21.633 --> 00:01:26.734
2297,2317,raising,1,2295,2334,2289,2442,1149_xvid,00:01:21.633 --> 00:01:26.734
2317,2320,a,2,2311,2334,2289,2442,1149_xvid,00:01:21.633 --> 00:01:26.734
2320,2337,family,3,2311,2343,2289,2442,1149_xvid,00:01:21.633 --> 00:01:26.734
2337,2348,back,4,2337,2360,2289,2442,1149_xvid,00:01:21.633 --> 00:01:26.734
2348,2365,within,5,2344,2391,2289,2442,1149_xvid,00:01:21.633 --> 00:01:26.734
2365,2379,reach,6,2361,2391,2289,2442,1149_xvid,00:01:21.633 --> 00:01:26.734
2379,2387,for,7,2361,2391,2289,2442,1149_xvid,00:01:21.633 --> 00:01:26.734
2387,2410,millions,8,2361,2445,2289,2442,1149_xvid,00:01:21.633 --> 00:01:26.734
2410,2416,of,9,2411,2445,2289,2442,1149_xvid,00:01:21.633 --> 00:01:26.734
2416,2441,americans,10,2411,2445,2289,2442,1149_xvid,00:01:21.633 --> 00:01:26.734
2442,2451,first,0,2411,2450,2442,2525,1149_xvid,00:01:26.734 --> 00:01:29.500
2451,2463,because,1,2451,2466,2442,2525,1149_xvid,00:01:26.734 --> 00:01:29.500
2463,2472,folks,2,2451,2477,2442,2525,1149_xvid,00:01:26.734 --> 00:01:29.500
2472,2477,who,3,2468,2477,2442,2525,1149_xvid,00:01:26.734 --> 00:01:29.500
2477,2484,work,4,2474,2491,2442,2525,1149_xvid,00:01:26.734 --> 00:01:29.500
2484,2491,hard,5,2483,2491,2442,2525,1149_xvid,00:01:26.734 --> 00:01:29.500
2491,2501,should,6,2483,2500,2442,2525,1149_xvid,00:01:26.734 --> 00:01:29.500
2501,2504,be,7,2493,2515,2442,2525,1149_xvid,00:01:26.734 --> 00:01:29.500
2504,2511,able,8,2503,2515,2442,2525,1149_xvid,00:01:26.734 --> 00:01:29.500
2511,2514,to,9,2503,2515,2442,2525,1149_xvid,00:01:26.734 --> 00:01:29.500
2514,2521,make,10,2503,2524,2442,2525,1149_xvid,00:01:26.734 --> 00:01:29.500
2521,2523,a,11,2516,2524,2442,2525,1149_xvid,00:01:26.734 --> 00:01:29.500
2525,2537,decent,0,2526,2541,2525,2622,1149_xvid,00:01:29.500 --> 00:01:32.734
2537,2549,living,1,2533,2560,2525,2622,1149_xvid,00:01:29.500 --> 00:01:32.734
2549,2551,i,2,2542,2560,2525,2622,1149_xvid,00:01:29.500 --> 00:01:32.734
2551,2559,kept,3,2542,2560,2525,2622,1149_xvid,00:01:29.500 --> 00:01:32.734
2559,2561,a,4,2556,2560,2525,2622,1149_xvid,00:01:29.500 --> 00:01:32.734
2561,2575,promise,5,2562,2578,2525,2622,1149_xvid,00:01:29.500 --> 00:01:32.734
2575,2577,i,6,2574,2578,2525,2622,1149_xvid,00:01:29.500 --> 00:01:32.734
2577,2585,made,7,2574,2593,2525,2622,1149_xvid,00:01:29.500 --> 00:01:32.734
2585,2593,when,8,2579,2593,2525,2622,1149_xvid,00:01:29.500 --> 00:01:32.734
2593,2595,i,9,2594,2602,2525,2622,1149_xvid,00:01:29.500 --> 00:01:32.734
2595,2615,campaigned,10,2594,2624,2525,2622,1149_xvid,00:01:29.500 --> 00:01:32.734
2615,2621,for,11,2612,2624,2525,2622,1149_xvid,00:01:29.500 --> 00:01:32.734
2622,2632,this,0,2612,2634,2622,2773,1149_xvid,00:01:32.734 --> 00:01:37.767
2632,2647,office,1,2625,2657,2622,2773,1149_xvid,00:01:32.734 --> 00:01:37.767
2647,2655,and,2,2646,2657,2622,2773,1149_xvid,00:01:32.734 --> 00:01:37.767
2655,2663,cut,3,2646,2665,2622,2773,1149_xvid,00:01:32.734 --> 00:01:37.767
2663,2676,taxes,4,2659,2675,2622,2773,1149_xvid,00:01:32.734 --> 00:01:37.767
2676,2684,for,5,2677,2683,2622,2773,1149_xvid,00:01:32.734 --> 00:01:37.767
2684,2699,ninety,6,2685,2699,2622,2773,1149_xvid,00:01:32.734 --> 00:01:37.767
2699,2709,five,7,2700,2708,2622,2773,1149_xvid,00:01:32.734 --> 00:01:37.767
2709,2727,percent,8,2700,2730,2622,2773,1149_xvid,00:01:32.734 --> 00:01:37.767
2727,2732,of,9,2726,2744,2622,2773,1149_xvid,00:01:32.734 --> 00:01:37.767
2732,2750,working,10,2733,2751,2622,2773,1149_xvid,00:01:32.734 --> 00:01:37.767
2750,2773,americans,11,2746,2778,2622,2773,1149_xvid,00:01:32.734 --> 00:01:37.767
2773,2779,for,0,2754,2778,2773,2871,1149_xvid,00:01:37.767 --> 00:01:41.033
2779,2787,most,1,2754,2788,2773,2871,1149_xvid,00:01:37.767 --> 00:01:41.033
2787,2806,americans,2,2781,2806,2773,2871,1149_xvid,00:01:37.767 --> 00:01:41.033
2806,2814,this,3,2798,2822,2773,2871,1149_xvid,00:01:37.767 --> 00:01:41.033
2814,2826,making,4,2813,2833,2773,2871,1149_xvid,00:01:37.767 --> 00:01:41.033
2826,2834,work,5,2823,2833,2773,2871,1149_xvid,00:01:37.767 --> 00:01:41.033
2834,2840,pay,6,2834,2842,2773,2871,1149_xvid,00:01:37.767 --> 00:01:41.033
2840,2846,tax,7,2834,2849,2773,2871,1149_xvid,00:01:37.767 --> 00:01:41.033
2846,2858,credit,8,2844,2860,2773,2871,1149_xvid,00:01:37.767 --> 00:01:41.033
2858,2868,began,9,2854,2886,2773,2871,1149_xvid,00:01:37.767 --> 00:01:41.033
2871,2886,showing,0,2863,2886,2871,2945,1149_xvid,00:01:41.033 --> 00:01:43.500
2886,2890,up,1,2863,2895,2871,2945,1149_xvid,00:01:41.033 --> 00:01:43.500
2890,2894,in,2,2888,2895,2871,2945,1149_xvid,00:01:41.033 --> 00:01:43.500
2894,2903,your,3,2888,2906,2871,2945,1149_xvid,00:01:41.033 --> 00:01:43.500
2903,2923,paychecks,4,2902,2922,2871,2945,1149_xvid,00:01:41.033 --> 00:01:43.500
2923,2932,last,5,2923,2947,2871,2945,1149_xvid,00:01:41.033 --> 00:01:43.500
2932,2943,april,6,2932,2947,2871,2945,1149_xvid,00:01:41.033 --> 00:01:43.500
2945,2950,and,0,2932,2951,2945,3057,1149_xvid,00:01:43.500 --> 00:01:47.233
2950,2953,it,1,2948,2983,2945,3057,1149_xvid,00:01:43.500 --> 00:01:47.233
2953,2969,continues,2,2952,2983,2945,3057,1149_xvid,00:01:43.500 --> 00:01:47.233
2969,2976,this,3,2952,2983,2945,3057,1149_xvid,00:01:43.500 --> 00:01:47.233
2976,2983,year,4,2952,2983,2945,3057,1149_xvid,00:01:43.500 --> 00:01:47.233
2983,2988,for,5,2952,2996,2945,3057,1149_xvid,00:01:43.500 --> 00:01:47.233
2988,2990,a,6,2987,2996,2945,3057,1149_xvid,00:01:43.500 --> 00:01:47.233
2990,2999,total,7,2987,3006,2945,3057,1149_xvid,00:01:43.500 --> 00:01:47.233
2999,3002,of,8,2997,3006,2945,3057,1149_xvid,00:01:43.500 --> 00:01:47.233
3002,3009,four,9,2997,3010,2945,3057,1149_xvid,00:01:43.500 --> 00:01:47.233
3009,3021,hundred,10,3008,3022,2945,3057,1149_xvid,00:01:43.500 --> 00:01:47.233
3021,3033,dollars,11,3011,3034,2945,3057,1149_xvid,00:01:43.500 --> 00:01:47.233
3033,3038,per,12,3027,3039,2945,3057,1149_xvid,00:01:43.500 --> 00:01:47.233
3038,3055,individual,13,3036,3067,2945,3057,1149_xvid,00:01:43.500 --> 00:01:47.233
3057,3066,and,0,3057,3067,3057,3176,1149_xvid,00:01:47.233 --> 00:01:51.200
3066,3082,eight,1,3057,3092,3057,3176,1149_xvid,00:01:47.233 --> 00:01:51.200
3082,3104,hundred,2,3082,3105,3057,3176,1149_xvid,00:01:47.233 --> 00:01:51.200
3104,3126,dollars,3,3093,3177,3057,3176,1149_xvid,00:01:47.233 --> 00:01:51.200
3126,3135,per,4,3122,3177,3057,3176,1149_xvid,00:01:47.233 --> 00:01:51.200
3135,3154,couple,5,3122,3177,3057,3176,1149_xvid,00:01:47.233 --> 00:01:51.200
3154,3163,per,6,3122,3177,3057,3176,1149_xvid,00:01:47.233 --> 00:01:51.200
3163,3175,year,7,3122,3177,3057,3176,1149_xvid,00:01:47.233 --> 00:01:51.200
3176,3187,second,0,3122,3204,3176,3257,1149_xvid,00:01:51.200 --> 00:01:53.900
3187,3199,because,1,3182,3204,3176,3257,1149_xvid,00:01:51.200 --> 00:01:53.900
3199,3201,a,2,3182,3204,3176,3257,1149_xvid,00:01:51.200 --> 00:01:53.900
3201,3213,college,3,3182,3213,3176,3257,1149_xvid,00:01:51.200 --> 00:01:53.900
3213,3229,education,4,3212,3242,3176,3257,1149_xvid,00:01:51.200 --> 00:01:53.900
3229,3233,is,5,3230,3242,3176,3257,1149_xvid,00:01:51.200 --> 00:01:53.900
3233,3247,critical,6,3230,3249,3176,3257,1149_xvid,00:01:51.200 --> 00:01:53.900
3247,3251,to,7,3244,3254,3176,3257,1149_xvid,00:01:51.200 --> 00:01:53.900
3251,3256,the,8,3251,3264,3176,3257,1149_xvid,00:01:51.200 --> 00:01:53.900
3257,3274,success,0,3255,3284,3257,3337,1149_xvid,00:01:53.900 --> 00:01:56.567
3274,3279,of,1,3275,3284,3257,3337,1149_xvid,00:01:53.900 --> 00:01:56.567
3279,3286,our,2,3275,3301,3257,3337,1149_xvid,00:01:53.900 --> 00:01:56.567
3286,3303,workers,3,3286,3309,3257,3337,1149_xvid,00:01:53.900 --> 00:01:56.567
3303,3310,and,4,3303,3309,3257,3337,1149_xvid,00:01:53.900 --> 00:01:56.567
3310,3317,our,5,3303,3333,3257,3337,1149_xvid,00:01:53.900 --> 00:01:56.567
3317,3334,economy,6,3303,3333,3257,3337,1149_xvid,00:01:53.900 --> 00:01:56.567
3337,3344,were,0,3335,3345,3337,3433,1149_xvid,00:01:56.567 --> 00:01:59.767
3344,3356,helping,1,3341,3356,3337,3433,1149_xvid,00:01:56.567 --> 00:01:59.767
3356,3359,to,2,3355,3365,3337,3433,1149_xvid,00:01:56.567 --> 00:01:59.767
3359,3366,make,3,3358,3365,3337,3433,1149_xvid,00:01:56.567 --> 00:01:59.767
3366,3369,it,4,3358,3372,3337,3433,1149_xvid,00:01:56.567 --> 00:01:59.767
3369,3376,more,5,3369,3377,3337,3433,1149_xvid,00:01:56.567 --> 00:01:59.767
3376,3393,affordable,6,3375,3400,3337,3433,1149_xvid,00:01:56.567 --> 00:01:59.767
3393,3398,for,7,3381,3400,3337,3433,1149_xvid,00:01:56.567 --> 00:01:59.767
3398,3412,millions,8,3381,3415,3337,3433,1149_xvid,00:01:56.567 --> 00:01:59.767
3412,3415,of,9,3409,3415,3337,3433,1149_xvid,00:01:56.567 --> 00:01:59.767
3415,3431,americans,10,3409,3447,3337,3433,1149_xvid,00:01:56.567 --> 00:01:59.767
3433,3446,millions,0,3418,3447,3433,3524,1149_xvid,00:01:59.767 --> 00:02:02.800
3446,3449,of,1,3418,3460,3433,3524,1149_xvid,00:01:59.767 --> 00:02:02.800
3449,3462,students,2,3448,3469,3433,3524,1149_xvid,00:01:59.767 --> 00:02:02.800
3462,3467,and,3,3462,3469,3433,3524,1149_xvid,00:01:59.767 --> 00:02:02.800
3467,3479,parents,4,3462,3487,3433,3524,1149_xvid,00:01:59.767 --> 00:02:02.800
3479,3489,paying,5,3475,3497,3433,3524,1149_xvid,00:01:59.767 --> 00:02:02.800
3489,3494,for,6,3489,3497,3433,3524,1149_xvid,00:01:59.767 --> 00:02:02.800
3494,3506,college,7,3489,3506,3433,3524,1149_xvid,00:01:59.767 --> 00:02:02.800
3506,3518,tuition,8,3507,3522,3433,3524,1149_xvid,00:01:59.767 --> 00:02:02.800
3518,3523,are,9,3513,3522,3433,3524,1149_xvid,00:01:59.767 --> 00:02:02.800
3524,3530,now,0,3523,3529,3524,3687,1149_xvid,00:02:02.800 --> 00:02:08.233
3530,3546,eligible,1,3530,3547,3524,3687,1149_xvid,00:02:02.800 --> 00:02:08.233
3546,3552,for,2,3544,3551,3524,3687,1149_xvid,00:02:02.800 --> 00:02:08.233
3552,3556,up,3,3552,3557,3524,3687,1149_xvid,00:02:02.800 --> 00:02:08.233
3556,3560,to,4,3552,3563,3524,3687,1149_xvid,00:02:02.800 --> 00:02:08.233
3560,3566,two,5,3552,3567,3524,3687,1149_xvid,00:02:02.800 --> 00:02:08.233
3566,3582,thousand,6,3565,3585,3524,3687,1149_xvid,00:02:02.800 --> 00:02:08.233
3582,3590,five,7,3583,3596,3524,3687,1149_xvid,00:02:02.800 --> 00:02:08.233
3590,3604,hundred,8,3587,3604,3524,3687,1149_xvid,00:02:02.800 --> 00:02:08.233
3604,3618,dollars,9,3602,3619,3524,3687,1149_xvid,00:02:02.800 --> 00:02:08.233
3618,3628,under,10,3613,3630,3524,3687,1149_xvid,00:02:02.800 --> 00:02:08.233
3628,3634,the,11,3620,3634,3524,3687,1149_xvid,00:02:02.800 --> 00:02:08.233
3634,3650,american,12,3635,3653,3524,3687,1149_xvid,00:02:02.800 --> 00:02:08.233
3650,3672,opportunity,13,3644,3696,3524,3687,1149_xvid,00:02:02.800 --> 00:02:08.233
3672,3684,credit,14,3654,3696,3524,3687,1149_xvid,00:02:02.800 --> 00:02:08.233
3687,3696,along,0,3679,3696,3687,3749,1149_xvid,00:02:08.233 --> 00:02:10.300
3696,3703,with,1,3679,3712,3687,3749,1149_xvid,00:02:08.233 --> 00:02:10.300
3703,3705,a,2,3700,3712,3687,3749,1149_xvid,00:02:08.233 --> 00:02:10.300
3705,3712,host,3,3700,3712,3687,3749,1149_xvid,00:02:08.233 --> 00:02:10.300
3712,3715,of,4,3713,3721,3687,3749,1149_xvid,00:02:08.233 --> 00:02:10.300
3715,3724,other,5,3713,3724,3687,3749,1149_xvid,00:02:08.233 --> 00:02:10.300
3724,3733,steps,6,3725,3735,3687,3749,1149_xvid,00:02:08.233 --> 00:02:10.300
3733,3740,weve,7,3729,3755,3687,3749,1149_xvid,00:02:08.233 --> 00:02:10.300
3740,3749,taken,8,3737,3755,3687,3749,1149_xvid,00:02:08.233 --> 00:02:10.300
3749,3755,this,0,3737,3755,3749,3834,1149_xvid,00:02:10.300 --> 00:02:13.133
3755,3761,will,1,3756,3765,3749,3834,1149_xvid,00:02:10.300 --> 00:02:13.133
3761,3767,help,2,3761,3770,3749,3834,1149_xvid,00:02:10.300 --> 00:02:13.133
3767,3770,us,3,3767,3770,3749,3834,1149_xvid,00:02:10.300 --> 00:02:13.133
3770,3778,reach,4,3771,3777,3749,3834,1149_xvid,00:02:10.300 --> 00:02:13.133
3778,3783,our,5,3779,3784,3749,3834,1149_xvid,00:02:10.300 --> 00:02:13.133
3783,3789,goal,6,3779,3793,3749,3834,1149_xvid,00:02:10.300 --> 00:02:13.133
3789,3792,of,7,3786,3793,3749,3834,1149_xvid,00:02:10.300 --> 00:02:13.133
3792,3798,once,8,3786,3808,3749,3834,1149_xvid,00:02:10.300 --> 00:02:13.133
3798,3806,again,9,3799,3808,3749,3834,1149_xvid,00:02:10.300 --> 00:02:13.133
3806,3816,having,10,3799,3822,3749,3834,1149_xvid,00:02:10.300 --> 00:02:13.133
3816,3821,the,11,3813,3822,3749,3834,1149_xvid,00:02:10.300 --> 00:02:13.133
3821,3832,highest,12,3813,3837,3749,3834,1149_xvid,00:02:10.300 --> 00:02:13.133
3834,3859,proportion,0,3829,3864,3834,3965,1149_xvid,00:02:13.133 --> 00:02:17.500
3859,3864,of,1,3857,3864,3834,3965,1149_xvid,00:02:13.133 --> 00:02:17.500
3864,3882,college,2,3857,3883,3834,3965,1149_xvid,00:02:13.133 --> 00:02:17.500
3882,3905,graduates,3,3881,3924,3834,3965,1149_xvid,00:02:13.133 --> 00:02:17.500
3905,3910,in,4,3888,3924,3834,3965,1149_xvid,00:02:13.133 --> 00:02:17.500
3910,3918,the,5,3888,3924,3834,3965,1149_xvid,00:02:13.133 --> 00:02:17.500
3918,3931,world,6,3888,3930,3834,3965,1149_xvid,00:02:13.133 --> 00:02:17.500
3931,3936,by,7,3928,3936,3834,3965,1149_xvid,00:02:13.133 --> 00:02:17.500
3936,3951,twenty,8,3937,3971,3834,3965,1149_xvid,00:02:13.133 --> 00:02:17.500
3951,3966,twenty,9,3945,3971,3834,3965,1149_xvid,00:02:13.133 --> 00:02:17.500
3965,3974,third,0,3945,3988,3965,4053,1149_xvid,00:02:17.500 --> 00:02:20.433
3974,3981,were,1,3973,3988,3965,4053,1149_xvid,00:02:17.500 --> 00:02:20.433
3981,3997,restoring,2,3973,4007,3965,4053,1149_xvid,00:02:17.500 --> 00:02:20.433
3997,4002,the,3,3990,4007,3965,4053,1149_xvid,00:02:17.500 --> 00:02:20.433
4002,4009,home,4,3990,4011,3965,4053,1149_xvid,00:02:17.500 --> 00:02:20.433
4009,4012,as,5,4009,4011,3965,4053,1149_xvid,00:02:17.500 --> 00:02:20.433
4012,4014,a,6,4013,4024,3965,4053,1149_xvid,00:02:17.500 --> 00:02:20.433
4014,4024,source,7,4013,4024,3965,4053,1149_xvid,00:02:17.500 --> 00:02:20.433
4024,4027,of,8,4013,4029,3965,4053,1149_xvid,00:02:17.500 --> 00:02:20.433
4027,4043,stability,9,4026,4066,3965,4053,1149_xvid,00:02:17.500 --> 00:02:20.433
4043,4048,and,10,4030,4066,3965,4053,1149_xvid,00:02:17.500 --> 00:02:20.433
4048,4051,an,11,4030,4066,3965,4053,1149_xvid,00:02:17.500 --> 00:02:20.433
4053,4069,anchor,0,4030,4082,4053,4118,1149_xvid,00:02:20.433 --> 00:02:22.600
4069,4074,of,1,4070,4082,4053,4118,1149_xvid,00:02:20.433 --> 00:02:22.600
4074,4082,the,2,4070,4082,4053,4118,1149_xvid,00:02:20.433 --> 00:02:22.600
4082,4103,american,3,4083,4118,4053,4118,1149_xvid,00:02:20.433 --> 00:02:22.600
4103,4116,dream,4,4083,4118,4053,4118,1149_xvid,00:02:20.433 --> 00:02:22.600
4118,4122,if,0,4119,4138,4118,4182,1149_xvid,00:02:22.600 --> 00:02:24.734
4122,4132,youve,1,4119,4138,4118,4182,1149_xvid,00:02:22.600 --> 00:02:24.734
4132,4143,bought,2,4119,4152,4118,4182,1149_xvid,00:02:22.600 --> 00:02:24.734
4143,4145,a,3,4140,4152,4118,4182,1149_xvid,00:02:22.600 --> 00:02:24.734
4145,4153,home,4,4140,4152,4118,4182,1149_xvid,00:02:22.600 --> 00:02:24.734
4153,4159,for,5,4140,4160,4118,4182,1149_xvid,00:02:22.600 --> 00:02:24.734
4159,4165,the,6,4156,4183,4118,4182,1149_xvid,00:02:22.600 --> 00:02:24.734
4165,4175,first,7,4161,4183,4118,4182,1149_xvid,00:02:22.600 --> 00:02:24.734
4175,4183,time,8,4161,4183,4118,4182,1149_xvid,00:02:22.600 --> 00:02:24.734
4182,4191,youre,0,4161,4197,4182,4275,1149_xvid,00:02:24.734 --> 00:02:27.834
4191,4206,eligible,1,4184,4209,4182,4275,1149_xvid,00:02:24.734 --> 00:02:27.834
4206,4212,for,2,4205,4211,4182,4275,1149_xvid,00:02:24.734 --> 00:02:27.834
4212,4214,a,3,4213,4219,4182,4275,1149_xvid,00:02:24.734 --> 00:02:27.834
4214,4225,credit,4,4213,4224,4182,4275,1149_xvid,00:02:24.734 --> 00:02:27.834
4225,4229,of,5,4222,4230,4182,4275,1149_xvid,00:02:24.734 --> 00:02:27.834
4229,4233,up,6,4227,4252,4182,4275,1149_xvid,00:02:24.734 --> 00:02:27.834
4233,4237,to,7,4234,4252,4182,4275,1149_xvid,00:02:24.734 --> 00:02:27.834
4237,4246,eight,8,4234,4252,4182,4275,1149_xvid,00:02:24.734 --> 00:02:27.834
4246,4261,thousand,9,4234,4276,4182,4275,1149_xvid,00:02:24.734 --> 00:02:27.834
4261,4274,dollars,10,4260,4276,4182,4275,1149_xvid,00:02:24.734 --> 00:02:27.834
4275,4282,and,0,4260,4281,4275,4340,1149_xvid,00:02:27.834 --> 00:02:30.000
4282,4286,if,1,4283,4289,4275,4340,1149_xvid,00:02:27.834 --> 00:02:30.000
4286,4293,you,2,4283,4301,4275,4340,1149_xvid,00:02:27.834 --> 00:02:30.000
4293,4306,bought,3,4294,4319,4275,4340,1149_xvid,00:02:27.834 --> 00:02:30.000
4306,4308,a,4,4304,4319,4275,4340,1149_xvid,00:02:27.834 --> 00:02:30.000
4308,4315,new,5,4304,4319,4275,4340,1149_xvid,00:02:27.834 --> 00:02:30.000
4315,4322,car,6,4304,4331,4275,4340,1149_xvid,00:02:27.834 --> 00:02:30.000
4322,4331,last,7,4323,4331,4275,4340,1149_xvid,00:02:27.834 --> 00:02:30.000
4331,4340,year,8,4323,4341,4275,4340,1149_xvid,00:02:27.834 --> 00:02:30.000
4340,4347,you,0,4337,4348,4340,4465,1149_xvid,00:02:30.000 --> 00:02:34.166
4347,4354,can,1,4342,4353,4340,4465,1149_xvid,00:02:30.000 --> 00:02:34.166
4354,4368,deduct,2,4350,4375,4340,4465,1149_xvid,00:02:30.000 --> 00:02:34.166
4368,4375,the,3,4364,4375,4340,4465,1149_xvid,00:02:30.000 --> 00:02:34.166
4375,4386,state,4,4364,4389,4340,4465,1149_xvid,00:02:30.000 --> 00:02:34.166
4386,4393,and,5,4380,4395,4340,4465,1149_xvid,00:02:30.000 --> 00:02:34.166
4393,4404,local,6,4391,4405,4340,4465,1149_xvid,00:02:30.000 --> 00:02:34.166
4404,4415,sales,7,4403,4416,4340,4465,1149_xvid,00:02:30.000 --> 00:02:34.166
4415,4426,taxes,8,4407,4429,4340,4465,1149_xvid,00:02:30.000 --> 00:02:34.166
4426,4433,you,9,4424,4475,4340,4465,1149_xvid,00:02:30.000 --> 00:02:34.166
4433,4442,paid,10,4424,4475,4340,4465,1149_xvid,00:02:30.000 --> 00:02:34.166
4442,4447,on,11,4438,4475,4340,4465,1149_xvid,00:02:30.000 --> 00:02:34.166
4447,4456,that,12,4438,4475,4340,4465,1149_xvid,00:02:30.000 --> 00:02:34.166
4456,4463,car,13,4438,4475,4340,4465,1149_xvid,00:02:30.000 --> 00:02:34.166
4465,4476,fourth,0,4438,4475,4465,4547,1149_xvid,00:02:34.166 --> 00:02:36.900
4476,4489,whether,1,4438,4500,4465,4547,1149_xvid,00:02:34.166 --> 00:02:36.900
4489,4495,you,2,4481,4500,4465,4547,1149_xvid,00:02:34.166 --> 00:02:36.900
4495,4506,bought,3,4481,4509,4465,4547,1149_xvid,00:02:34.166 --> 00:02:36.900
4506,4508,a,4,4502,4509,4465,4547,1149_xvid,00:02:34.166 --> 00:02:36.900
4508,4515,home,5,4502,4515,4465,4547,1149_xvid,00:02:34.166 --> 00:02:36.900
4515,4521,for,6,4511,4522,4465,4547,1149_xvid,00:02:34.166 --> 00:02:36.900
4521,4527,the,7,4519,4531,4465,4547,1149_xvid,00:02:34.166 --> 00:02:36.900
4527,4536,first,8,4525,4538,4465,4547,1149_xvid,00:02:34.166 --> 00:02:36.900
4536,4543,time,9,4532,4548,4465,4547,1149_xvid,00:02:34.166 --> 00:02:36.900
4543,4547,or,10,4541,4548,4465,4547,1149_xvid,00:02:34.166 --> 00:02:36.900
4547,4558,youve,0,4541,4560,4547,4601,1149_xvid,00:02:36.900 --> 00:02:38.700
4558,4569,owned,1,4556,4573,4547,4601,1149_xvid,00:02:36.900 --> 00:02:38.700
4569,4575,one,2,4563,4580,4547,4601,1149_xvid,00:02:36.900 --> 00:02:38.700
4575,4581,for,3,4576,4580,4547,4601,1149_xvid,00:02:36.900 --> 00:02:38.700
4581,4583,a,4,4576,4600,4547,4601,1149_xvid,00:02:36.900 --> 00:02:38.700
4583,4591,long,5,4576,4600,4547,4601,1149_xvid,00:02:36.900 --> 00:02:38.700
4591,4599,time,6,4588,4600,4547,4601,1149_xvid,00:02:36.900 --> 00:02:38.700
4601,4604,if,0,4602,4613,4601,4683,1149_xvid,00:02:38.700 --> 00:02:41.433
4604,4609,you,1,4602,4613,4601,4683,1149_xvid,00:02:38.700 --> 00:02:41.433
4609,4621,invested,2,4602,4620,4601,4683,1149_xvid,00:02:38.700 --> 00:02:41.433
4621,4624,in,3,4621,4623,4601,4683,1149_xvid,00:02:38.700 --> 00:02:41.433
4624,4633,making,4,4624,4640,4601,4683,1149_xvid,00:02:38.700 --> 00:02:41.433
4633,4639,your,5,4624,4640,4601,4683,1149_xvid,00:02:38.700 --> 00:02:41.433
4639,4645,home,6,4624,4653,4601,4683,1149_xvid,00:02:38.700 --> 00:02:41.433
4645,4651,more,7,4642,4653,4601,4683,1149_xvid,00:02:38.700 --> 00:02:41.433
4651,4660,energy,8,4642,4660,4601,4683,1149_xvid,00:02:38.700 --> 00:02:41.433
4660,4674,efficient,9,4655,4689,4601,4683,1149_xvid,00:02:38.700 --> 00:02:41.433
4674,4680,with,10,4672,4689,4601,4683,1149_xvid,00:02:38.700 --> 00:02:41.433
4683,4698,certain,0,4672,4700,4683,4778,1149_xvid,00:02:41.433 --> 00:02:44.600
4698,4723,improvements,1,4695,4741,4683,4778,1149_xvid,00:02:41.433 --> 00:02:44.600
4723,4731,like,2,4702,4741,4683,4778,1149_xvid,00:02:41.433 --> 00:02:44.600
4731,4737,new,3,4725,4741,4683,4778,1149_xvid,00:02:41.433 --> 00:02:44.600
4737,4758,insulation,4,4725,4789,4683,4778,1149_xvid,00:02:41.433 --> 00:02:44.600
4758,4762,or,5,4756,4789,4683,4778,1149_xvid,00:02:41.433 --> 00:02:44.600
4762,4777,windows,6,4756,4789,4683,4778,1149_xvid,00:02:41.433 --> 00:02:44.600
4778,4782,or,0,4756,4789,4778,4922,1149_xvid,00:02:44.600 --> 00:02:49.400
4782,4788,you,1,4756,4789,4778,4922,1149_xvid,00:02:44.600 --> 00:02:49.400
4788,4796,plan,2,4756,4795,4778,4922,1149_xvid,00:02:44.600 --> 00:02:49.400
4796,4800,to,3,4797,4803,4778,4922,1149_xvid,00:02:44.600 --> 00:02:49.400
4800,4808,this,4,4797,4809,4778,4922,1149_xvid,00:02:44.600 --> 00:02:49.400
4808,4816,year,5,4805,4842,4778,4922,1149_xvid,00:02:44.600 --> 00:02:49.400
4816,4826,youre,6,4811,4842,4778,4922,1149_xvid,00:02:44.600 --> 00:02:49.400
4826,4842,eligible,7,4811,4842,4778,4922,1149_xvid,00:02:44.600 --> 00:02:49.400
4842,4848,for,8,4811,4852,4778,4922,1149_xvid,00:02:44.600 --> 00:02:49.400
4848,4852,up,9,4845,4852,4778,4922,1149_xvid,00:02:44.600 --> 00:02:49.400
4852,4856,to,10,4845,4858,4778,4922,1149_xvid,00:02:44.600 --> 00:02:49.400
4856,4862,one,11,4856,4863,4778,4922,1149_xvid,00:02:44.600 --> 00:02:49.400
4862,4878,thousand,12,4859,4893,4778,4922,1149_xvid,00:02:44.600 --> 00:02:49.400
4878,4886,five,13,4873,4893,4778,4922,1149_xvid,00:02:44.600 --> 00:02:49.400
4886,4900,hundred,14,4881,4923,4778,4922,1149_xvid,00:02:44.600 --> 00:02:49.400
4900,4914,dollars,15,4899,4923,4778,4922,1149_xvid,00:02:44.600 --> 00:02:49.400
4914,4918,in,16,4899,4923,4778,4922,1149_xvid,00:02:44.600 --> 00:02:49.400
4918,4924,new,17,4899,4923,4778,4922,1149_xvid,00:02:44.600 --> 00:02:49.400
4922,4935,tax,0,4899,4938,4922,4965,1149_xvid,00:02:49.400 --> 00:02:50.834
4935,4964,credits,1,4935,4967,4922,4965,1149_xvid,00:02:49.400 --> 00:02:50.834
4965,4972,this,0,4947,4981,4965,5046,1149_xvid,00:02:50.834 --> 00:02:53.533
4972,4979,does,1,4968,4981,4965,5046,1149_xvid,00:02:50.834 --> 00:02:53.533
4979,4986,more,2,4968,4989,4965,5046,1149_xvid,00:02:50.834 --> 00:02:53.533
4986,4993,than,3,4987,4996,4965,5046,1149_xvid,00:02:50.834 --> 00:02:53.533
4993,5000,just,4,4993,5005,4965,5046,1149_xvid,00:02:50.834 --> 00:02:53.533
5000,5005,put,5,4999,5005,4965,5046,1149_xvid,00:02:50.834 --> 00:02:53.533
5005,5014,money,6,4999,5024,4965,5046,1149_xvid,00:02:50.834 --> 00:02:53.533
5014,5021,back,7,5015,5024,4965,5046,1149_xvid,00:02:50.834 --> 00:02:53.533
5021,5025,in,8,5015,5024,4965,5046,1149_xvid,00:02:50.834 --> 00:02:53.533
5025,5032,your,9,5026,5047,4965,5046,1149_xvid,00:02:50.834 --> 00:02:53.533
5032,5043,pocket,10,5026,5047,4965,5046,1149_xvid,00:02:50.834 --> 00:02:53.533
5046,5053,its,0,5041,5052,5046,5143,1149_xvid,00:02:53.533 --> 00:02:56.767
5053,5069,helping,1,5054,5078,5046,5143,1149_xvid,00:02:53.533 --> 00:02:56.767
5069,5082,create,2,5070,5097,5046,5143,1149_xvid,00:02:53.533 --> 00:02:56.767
5082,5089,new,3,5081,5097,5046,5143,1149_xvid,00:02:53.533 --> 00:02:56.767
5089,5100,clean,4,5081,5103,5046,5143,1149_xvid,00:02:53.533 --> 00:02:56.767
5100,5113,energy,5,5099,5119,5046,5143,1149_xvid,00:02:53.533 --> 00:02:56.767
5113,5142,manufacturing,6,5112,5148,5046,5143,1149_xvid,00:02:53.533 --> 00:02:56.767
5143,5150,and,0,5128,5155,5143,5261,1149_xvid,00:02:56.767 --> 00:03:00.700
5150,5177,construction,1,5149,5182,5143,5261,1149_xvid,00:02:56.767 --> 00:03:00.700
5177,5186,jobs,2,5175,5188,5143,5261,1149_xvid,00:02:56.767 --> 00:03:00.700
5186,5191,at,3,5183,5205,5143,5261,1149_xvid,00:02:56.767 --> 00:03:00.700
5191,5202,small,4,5190,5205,5143,5261,1149_xvid,00:02:56.767 --> 00:03:00.700
5202,5225,businesses,5,5190,5264,5143,5261,1149_xvid,00:02:56.767 --> 00:03:00.700
5225,5239,across,6,5220,5264,5143,5261,1149_xvid,00:02:56.767 --> 00:03:00.700
5239,5246,the,7,5227,5264,5143,5261,1149_xvid,00:02:56.767 --> 00:03:00.700
5246,5262,country,8,5227,5264,5143,5261,1149_xvid,00:02:56.767 --> 00:03:00.700
5261,5269,fifth,0,5227,5289,5261,5347,1149_xvid,00:03:00.700 --> 00:03:03.567
5269,5272,to,1,5227,5289,5261,5347,1149_xvid,00:03:00.700 --> 00:03:03.567
5272,5278,help,2,5227,5289,5261,5347,1149_xvid,00:03:00.700 --> 00:03:03.567
5278,5289,working,3,5276,5289,5261,5347,1149_xvid,00:03:00.700 --> 00:03:03.567
5289,5302,families,4,5276,5320,5261,5347,1149_xvid,00:03:00.700 --> 00:03:03.567
5302,5308,with,5,5302,5320,5261,5347,1149_xvid,00:03:00.700 --> 00:03:03.567
5308,5321,children,6,5302,5320,5261,5347,1149_xvid,00:03:00.700 --> 00:03:03.567
5321,5332,through,7,5322,5338,5261,5347,1149_xvid,00:03:00.700 --> 00:03:03.567
5332,5346,difficult,8,5329,5348,5261,5347,1149_xvid,00:03:00.700 --> 00:03:03.567
5347,5358,times,0,5346,5361,5347,5457,1149_xvid,00:03:03.567 --> 00:03:07.233
5358,5362,we,1,5350,5361,5347,5457,1149_xvid,00:03:03.567 --> 00:03:07.233
5362,5382,increased,2,5350,5389,5347,5457,1149_xvid,00:03:03.567 --> 00:03:07.233
5382,5389,the,3,5382,5389,5347,5457,1149_xvid,00:03:03.567 --> 00:03:07.233
5389,5402,earned,4,5390,5408,5347,5457,1149_xvid,00:03:03.567 --> 00:03:07.233
5402,5415,income,5,5397,5419,5347,5457,1149_xvid,00:03:03.567 --> 00:03:07.233
5415,5422,tax,6,5416,5423,5347,5457,1149_xvid,00:03:03.567 --> 00:03:07.233
5422,5435,credit,7,5421,5452,5347,5457,1149_xvid,00:03:03.567 --> 00:03:07.233
5435,5442,and,8,5424,5452,5347,5457,1149_xvid,00:03:03.567 --> 00:03:07.233
5442,5457,allowed,9,5437,5461,5347,5457,1149_xvid,00:03:03.567 --> 00:03:07.233
5457,5467,more,0,5456,5475,5457,5563,1149_xvid,00:03:07.233 --> 00:03:10.767
5467,5487,families,1,5465,5488,5457,5563,1149_xvid,00:03:07.233 --> 00:03:10.767
5487,5492,to,2,5477,5496,5457,5563,1149_xvid,00:03:07.233 --> 00:03:10.767
5492,5510,qualify,3,5491,5509,5457,5563,1149_xvid,00:03:07.233 --> 00:03:10.767
5510,5518,for,4,5511,5519,5457,5563,1149_xvid,00:03:07.233 --> 00:03:10.767
5518,5526,the,5,5511,5526,5457,5563,1149_xvid,00:03:07.233 --> 00:03:10.767
5526,5539,child,6,5522,5568,5457,5563,1149_xvid,00:03:07.233 --> 00:03:10.767
5539,5547,tax,7,5540,5568,5457,5563,1149_xvid,00:03:07.233 --> 00:03:10.767
5547,5562,credit,8,5540,5568,5457,5563,1149_xvid,00:03:07.233 --> 00:03:10.767
5563,5574,finally,0,5540,5588,5563,5637,1149_xvid,00:03:10.767 --> 00:03:13.233
5574,5579,for,1,5540,5588,5563,5637,1149_xvid,00:03:10.767 --> 00:03:13.233
5579,5587,those,2,5540,5588,5563,5637,1149_xvid,00:03:10.767 --> 00:03:13.233
5587,5592,who,3,5585,5602,5563,5637,1149_xvid,00:03:10.767 --> 00:03:13.233
5592,5598,lost,4,5589,5602,5563,5637,1149_xvid,00:03:10.767 --> 00:03:13.233
5598,5606,their,5,5589,5606,5563,5637,1149_xvid,00:03:10.767 --> 00:03:13.233
5606,5612,jobs,6,5604,5614,5563,5637,1149_xvid,00:03:10.767 --> 00:03:13.233
5612,5615,in,7,5609,5614,5563,5637,1149_xvid,00:03:10.767 --> 00:03:13.233
5615,5620,the,8,5609,5622,5563,5637,1149_xvid,00:03:10.767 --> 00:03:13.233
5620,5634,recession,9,5618,5651,5563,5637,1149_xvid,00:03:10.767 --> 00:03:13.233
5634,5639,and,10,5633,5651,5563,5637,1149_xvid,00:03:10.767 --> 00:03:13.233
5637,5644,need,0,5633,5651,5637,5694,1149_xvid,00:03:13.233 --> 00:03:15.133
5644,5651,some,1,5633,5651,5637,5694,1149_xvid,00:03:13.233 --> 00:03:15.133
5651,5658,help,2,5633,5663,5637,5694,1149_xvid,00:03:13.233 --> 00:03:15.133
5658,5670,getting,3,5654,5672,5637,5694,1149_xvid,00:03:13.233 --> 00:03:15.133
5670,5677,back,4,5669,5683,5637,5694,1149_xvid,00:03:13.233 --> 00:03:15.133
5677,5680,on,5,5675,5683,5637,5694,1149_xvid,00:03:13.233 --> 00:03:15.133
5680,5688,their,6,5675,5697,5637,5694,1149_xvid,00:03:13.233 --> 00:03:15.133
5688,5695,feet,7,5685,5697,5637,5694,1149_xvid,00:03:13.233 --> 00:03:15.133
5694,5698,we,0,5685,5697,5694,5805,1149_xvid,00:03:15.133 --> 00:03:18.834
5698,5712,provided,1,5685,5720,5694,5805,1149_xvid,00:03:15.133 --> 00:03:18.834
5712,5714,a,2,5711,5720,5694,5805,1149_xvid,00:03:15.133 --> 00:03:18.834
5714,5723,sixty,3,5711,5726,5694,5805,1149_xvid,00:03:15.133 --> 00:03:18.834
5723,5730,five,4,5721,5734,5694,5805,1149_xvid,00:03:15.133 --> 00:03:18.834
5730,5742,percent,5,5727,5745,5694,5805,1149_xvid,00:03:15.133 --> 00:03:18.834
5742,5747,tax,6,5737,5754,5694,5805,1149_xvid,00:03:15.133 --> 00:03:18.834
5747,5758,credit,7,5748,5757,5694,5805,1149_xvid,00:03:15.133 --> 00:03:18.834
5758,5762,to,8,5759,5765,5694,5805,1149_xvid,00:03:15.133 --> 00:03:18.834
5762,5769,help,9,5759,5769,5694,5805,1149_xvid,00:03:15.133 --> 00:03:18.834
5769,5778,cover,10,5767,5777,5694,5805,1149_xvid,00:03:15.133 --> 00:03:18.834
5778,5783,the,11,5778,5786,5694,5805,1149_xvid,00:03:15.133 --> 00:03:18.834
5783,5790,cost,12,5783,5795,5694,5805,1149_xvid,00:03:15.133 --> 00:03:18.834
5790,5794,of,13,5790,5795,5694,5805,1149_xvid,00:03:15.133 --> 00:03:18.834
5794,5805,health,14,5790,5806,5694,5805,1149_xvid,00:03:15.133 --> 00:03:18.834
5805,5813,care,0,5799,5814,5805,5952,1149_xvid,00:03:18.834 --> 00:03:23.734
5813,5819,and,1,5809,5846,5805,5952,1149_xvid,00:03:18.834 --> 00:03:23.734
5819,5823,we,2,5818,5846,5805,5952,1149_xvid,00:03:18.834 --> 00:03:23.734
5823,5831,made,3,5818,5846,5805,5952,1149_xvid,00:03:18.834 --> 00:03:23.734
5831,5839,sure,4,5818,5846,5805,5952,1149_xvid,00:03:18.834 --> 00:03:23.734
5839,5845,the,5,5818,5846,5805,5952,1149_xvid,00:03:18.834 --> 00:03:23.734
5845,5855,first,6,5818,5859,5805,5952,1149_xvid,00:03:18.834 --> 00:03:23.734
5855,5861,two,7,5848,5874,5805,5952,1149_xvid,00:03:18.834 --> 00:03:23.734
5861,5876,thousand,8,5860,5880,5805,5952,1149_xvid,00:03:18.834 --> 00:03:23.734
5876,5884,four,9,5875,5885,5805,5952,1149_xvid,00:03:18.834 --> 00:03:23.734
5884,5897,hundred,10,5881,5901,5805,5952,1149_xvid,00:03:18.834 --> 00:03:23.734
5897,5910,dollars,11,5893,5916,5805,5952,1149_xvid,00:03:18.834 --> 00:03:23.734
5910,5914,in,12,5910,5916,5805,5952,1149_xvid,00:03:18.834 --> 00:03:23.734
5914,5937,unemployment,13,5910,5941,5805,5952,1149_xvid,00:03:18.834 --> 00:03:23.734
5937,5952,benefits,14,5938,5955,5805,5952,1149_xvid,00:03:18.834 --> 00:03:23.734
5952,5963,is,0,5951,5965,5952,6002,1149_xvid,00:03:23.734 --> 00:03:25.400
5963,5979,tax,1,5963,6014,5952,6002,1149_xvid,00:03:23.734 --> 00:03:25.400
5979,6001,free,2,5976,6014,5952,6002,1149_xvid,00:03:23.734 --> 00:03:25.400
6002,6009,these,0,5976,6014,6002,6072,1149_xvid,00:03:25.400 --> 00:03:27.734
6009,6013,are,1,5976,6014,6002,6072,1149_xvid,00:03:25.400 --> 00:03:27.734
6013,6020,among,2,5976,6026,6002,6072,1149_xvid,00:03:25.400 --> 00:03:27.734
6020,6024,the,3,6017,6026,6002,6072,1149_xvid,00:03:25.400 --> 00:03:27.734
6024,6028,tax,4,6017,6048,6002,6072,1149_xvid,00:03:25.400 --> 00:03:27.734
6028,6036,breaks,5,6017,6048,6002,6072,1149_xvid,00:03:25.400 --> 00:03:27.734
6036,6040,and,6,6031,6048,6002,6072,1149_xvid,00:03:25.400 --> 00:03:27.734
6040,6049,savings,7,6031,6048,6002,6072,1149_xvid,00:03:25.400 --> 00:03:27.734
6049,6054,that,8,6049,6057,6002,6072,1149_xvid,00:03:25.400 --> 00:03:27.734
6054,6058,are,9,6049,6057,6002,6072,1149_xvid,00:03:25.400 --> 00:03:27.734
6058,6070,available,10,6058,6072,6002,6072,1149_xvid,00:03:25.400 --> 00:03:27.734
6072,6077,to,0,6070,6076,6072,6169,1149_xvid,00:03:27.734 --> 00:03:30.967
6077,6087,over,1,6077,6090,6072,6169,1149_xvid,00:03:27.734 --> 00:03:30.967
6087,6094,one,2,6082,6096,6072,6169,1149_xvid,00:03:27.734 --> 00:03:30.967
6094,6111,hundred,3,6094,6123,6072,6169,1149_xvid,00:03:27.734 --> 00:03:30.967
6111,6128,million,4,6103,6134,6072,6169,1149_xvid,00:03:27.734 --> 00:03:30.967
6128,6150,americans,5,6125,6171,6072,6169,1149_xvid,00:03:27.734 --> 00:03:30.967
6150,6162,right,6,6136,6171,6072,6169,1149_xvid,00:03:27.734 --> 00:03:30.967
6162,6169,now,7,6136,6171,6072,6169,1149_xvid,00:03:27.734 --> 00:03:30.967
6169,6174,its,0,6136,6176,6169,6249,1149_xvid,00:03:30.967 --> 00:03:33.633
6174,6181,also,1,6172,6194,6169,6249,1149_xvid,00:03:30.967 --> 00:03:33.633
6181,6196,important,2,6179,6204,6169,6249,1149_xvid,00:03:30.967 --> 00:03:33.633
6196,6199,to,3,6179,6204,6169,6249,1149_xvid,00:03:30.967 --> 00:03:33.633
6199,6206,note,4,6199,6212,6169,6249,1149_xvid,00:03:30.967 --> 00:03:33.633
6206,6213,that,5,6205,6212,6169,6249,1149_xvid,00:03:30.967 --> 00:03:33.633
6213,6218,the,6,6213,6217,6169,6249,1149_xvid,00:03:30.967 --> 00:03:33.633
6218,6223,new,7,6213,6223,6169,6249,1149_xvid,00:03:30.967 --> 00:03:33.633
6223,6233,health,8,6224,6238,6169,6249,1149_xvid,00:03:30.967 --> 00:03:33.633
6233,6243,reform,9,6224,6250,6169,6249,1149_xvid,00:03:30.967 --> 00:03:33.633
6243,6248,law,10,6224,6250,6169,6249,1149_xvid,00:03:30.967 --> 00:03:33.633
6249,6261,includes,0,6248,6280,6249,6323,1149_xvid,00:03:33.633 --> 00:03:36.100
6261,6265,the,1,6259,6280,6249,6323,1149_xvid,00:03:33.633 --> 00:03:36.100
6265,6275,largest,2,6259,6280,6249,6323,1149_xvid,00:03:33.633 --> 00:03:36.100
6275,6284,middle,3,6259,6287,6249,6323,1149_xvid,00:03:33.633 --> 00:03:36.100
6284,6291,class,4,6282,6296,6249,6323,1149_xvid,00:03:33.633 --> 00:03:36.100
6291,6295,tax,5,6291,6296,6249,6323,1149_xvid,00:03:33.633 --> 00:03:36.100
6295,6299,cut,6,6291,6299,6249,6323,1149_xvid,00:03:33.633 --> 00:03:36.100
6299,6303,for,7,6298,6304,6249,6323,1149_xvid,00:03:33.633 --> 00:03:36.100
6303,6312,health,8,6301,6314,6249,6323,1149_xvid,00:03:33.633 --> 00:03:36.100
6312,6318,care,9,6307,6331,6249,6323,1149_xvid,00:03:33.633 --> 00:03:36.100
6318,6321,in,10,6315,6331,6249,6323,1149_xvid,00:03:33.633 --> 00:03:36.100
6323,6339,history,0,6315,6359,6323,6389,1149_xvid,00:03:36.100 --> 00:03:38.300
6339,6346,and,1,6334,6359,6323,6389,1149_xvid,00:03:36.100 --> 00:03:38.300
6346,6355,once,2,6342,6359,6323,6389,1149_xvid,00:03:36.100 --> 00:03:38.300
6355,6362,its,3,6342,6363,6323,6389,1149_xvid,00:03:36.100 --> 00:03:38.300
6362,6388,implemented,4,6361,6406,6323,6389,1149_xvid,00:03:36.100 --> 00:03:38.300
6389,6401,millions,0,6386,6406,6389,6458,1149_xvid,00:03:38.300 --> 00:03:40.600
6401,6404,of,1,6386,6406,6389,6458,1149_xvid,00:03:38.300 --> 00:03:40.600
6404,6417,americans,2,6386,6418,6389,6458,1149_xvid,00:03:38.300 --> 00:03:40.600
6417,6423,will,3,6407,6427,6389,6458,1149_xvid,00:03:38.300 --> 00:03:40.600
6423,6433,finally,4,6420,6448,6389,6458,1149_xvid,00:03:38.300 --> 00:03:40.600
6433,6436,be,5,6428,6448,6389,6458,1149_xvid,00:03:38.300 --> 00:03:40.600
6436,6442,able,6,6428,6448,6389,6458,1149_xvid,00:03:38.300 --> 00:03:40.600
6442,6445,to,7,6428,6448,6389,6458,1149_xvid,00:03:38.300 --> 00:03:40.600
6445,6457,purchase,8,6428,6460,6389,6458,1149_xvid,00:03:38.300 --> 00:03:40.600
6458,6473,quality,0,6456,6486,6458,6571,1149_xvid,00:03:40.600 --> 00:03:44.367
6473,6494,affordable,1,6462,6500,6458,6571,1149_xvid,00:03:40.600 --> 00:03:44.367
6494,6502,care,2,6490,6510,6458,6571,1149_xvid,00:03:40.600 --> 00:03:44.367
6502,6508,and,3,6503,6510,6458,6571,1149_xvid,00:03:40.600 --> 00:03:44.367
6508,6514,the,4,6503,6539,6458,6571,1149_xvid,00:03:40.600 --> 00:03:44.367
6514,6531,security,5,6503,6539,6458,6571,1149_xvid,00:03:40.600 --> 00:03:44.367
6531,6537,and,6,6522,6539,6458,6571,1149_xvid,00:03:40.600 --> 00:03:44.367
6537,6548,peace,7,6522,6570,6458,6571,1149_xvid,00:03:40.600 --> 00:03:44.367
6548,6552,of,8,6540,6570,6458,6571,1149_xvid,00:03:40.600 --> 00:03:44.367
6552,6560,mind,9,6540,6570,6458,6571,1149_xvid,00:03:40.600 --> 00:03:44.367
6560,6568,that,10,6540,6570,6458,6571,1149_xvid,00:03:40.600 --> 00:03:44.367
6571,6588,comes,0,6572,6613,6571,6609,1149_xvid,00:03:44.367 --> 00:03:45.633
6588,6601,with,1,6588,6613,6571,6609,1149_xvid,00:03:44.367 --> 00:03:45.633
6601,6608,it,2,6588,6613,6571,6609,1149_xvid,00:03:44.367 --> 00:03:45.633
6609,6615,and,0,6588,6619,6609,6699,1149_xvid,00:03:45.633 --> 00:03:48.633
6615,6621,one,1,6616,6627,6609,6699,1149_xvid,00:03:45.633 --> 00:03:48.633
6621,6631,thing,2,6621,6634,6609,6699,1149_xvid,00:03:45.633 --> 00:03:48.633
6631,6635,we,3,6628,6634,6609,6699,1149_xvid,00:03:45.633 --> 00:03:48.633
6635,6643,have,4,6628,6668,6609,6699,1149_xvid,00:03:45.633 --> 00:03:48.633
6643,6649,not,5,6637,6668,6609,6699,1149_xvid,00:03:45.633 --> 00:03:48.633
6649,6657,done,6,6649,6668,6609,6699,1149_xvid,00:03:45.633 --> 00:03:48.633
6657,6661,is,7,6649,6668,6609,6699,1149_xvid,00:03:45.633 --> 00:03:48.633
6661,6671,raise,8,6649,6679,6609,6699,1149_xvid,00:03:45.633 --> 00:03:48.633
6671,6683,income,9,6672,6687,6609,6699,1149_xvid,00:03:45.633 --> 00:03:48.633
6683,6693,taxes,10,6682,6696,6609,6699,1149_xvid,00:03:45.633 --> 00:03:48.633
6693,6697,on,11,6689,6696,6609,6699,1149_xvid,00:03:45.633 --> 00:03:48.633
6699,6716,families,0,6700,6715,6699,6824,1149_xvid,00:03:48.633 --> 00:03:52.800
6716,6729,making,1,6717,6729,6699,6824,1149_xvid,00:03:48.633 --> 00:03:52.800
6729,6738,less,2,6730,6761,6699,6824,1149_xvid,00:03:48.633 --> 00:03:52.800
6738,6747,than,3,6730,6761,6699,6824,1149_xvid,00:03:48.633 --> 00:03:52.800
6747,6754,two,4,6730,6761,6699,6824,1149_xvid,00:03:48.633 --> 00:03:52.800
6754,6769,hundred,5,6730,6769,6699,6824,1149_xvid,00:03:48.633 --> 00:03:52.800
6769,6780,fifty,6,6763,6827,6699,6824,1149_xvid,00:03:48.633 --> 00:03:52.800
6780,6797,thousand,7,6771,6827,6699,6824,1149_xvid,00:03:48.633 --> 00:03:52.800
6797,6812,dollars,8,6771,6827,6699,6824,1149_xvid,00:03:48.633 --> 00:03:52.800
6812,6814,a,9,6771,6827,6699,6824,1149_xvid,00:03:48.633 --> 00:03:52.800
6814,6823,year,10,6771,6827,6699,6824,1149_xvid,00:03:48.633 --> 00:03:52.800
6824,6835,thats,0,6771,6839,6824,6895,1149_xvid,00:03:52.800 --> 00:03:55.166
6835,6851,another,1,6828,6851,6824,6895,1149_xvid,00:03:52.800 --> 00:03:55.166
6851,6867,promise,2,6852,6868,6824,6895,1149_xvid,00:03:52.800 --> 00:03:55.166
6867,6876,that,3,6867,6901,6824,6895,1149_xvid,00:03:52.800 --> 00:03:55.166
6876,6885,weve,4,6867,6901,6824,6895,1149_xvid,00:03:52.800 --> 00:03:55.166
6885,6894,kept,5,6880,6901,6824,6895,1149_xvid,00:03:52.800 --> 00:03:55.166
6895,6904,weve,0,6880,6933,6895,7019,1149_xvid,00:03:55.166 --> 00:03:59.300
6904,6913,also,1,6902,6933,6895,7019,1149_xvid,00:03:55.166 --> 00:03:59.300
6913,6922,made,2,6902,6933,6895,7019,1149_xvid,00:03:55.166 --> 00:03:59.300
6922,6927,it,3,6902,6933,6895,7019,1149_xvid,00:03:55.166 --> 00:03:59.300
6927,6936,easy,4,6902,6948,6895,7019,1149_xvid,00:03:55.166 --> 00:03:59.300
6936,6941,to,5,6936,6948,6895,7019,1149_xvid,00:03:55.166 --> 00:03:59.300
6941,6950,find,6,6936,6961,6895,7019,1149_xvid,00:03:55.166 --> 00:03:59.300
6950,6957,out,7,6936,6961,6895,7019,1149_xvid,00:03:55.166 --> 00:03:59.300
6957,6968,whats,8,6954,6970,6895,7019,1149_xvid,00:03:55.166 --> 00:03:59.300
6968,6977,owed,9,6965,6985,6895,7019,1149_xvid,00:03:55.166 --> 00:03:59.300
6977,6982,to,10,6973,6985,6895,7019,1149_xvid,00:03:55.166 --> 00:03:59.300
6982,6989,you,11,6973,6992,6895,7019,1149_xvid,00:03:55.166 --> 00:03:59.300
6989,6996,and,12,6986,7020,6895,7019,1149_xvid,00:03:55.166 --> 00:03:59.300
6996,7005,your,13,6986,7020,6895,7019,1149_xvid,00:03:55.166 --> 00:03:59.300
7005,7019,family,14,7005,7020,6895,7019,1149_xvid,00:03:55.166 --> 00:03:59.300
7019,7028,after,0,7005,7030,7019,7098,1149_xvid,00:03:59.300 --> 00:04:01.934
7028,7033,all,1,7023,7037,7019,7098,1149_xvid,00:03:59.300 --> 00:04:01.934
7033,7038,the,2,7023,7037,7019,7098,1149_xvid,00:03:59.300 --> 00:04:01.934
7038,7043,big,3,7039,7053,7019,7098,1149_xvid,00:03:59.300 --> 00:04:01.934
7043,7050,guys,4,7039,7053,7019,7098,1149_xvid,00:03:59.300 --> 00:04:01.934
7050,7057,know,5,7039,7066,7019,7098,1149_xvid,00:03:59.300 --> 00:04:01.934
7057,7062,how,6,7057,7066,7019,7098,1149_xvid,00:03:59.300 --> 00:04:01.934
7062,7065,to,7,7057,7066,7019,7098,1149_xvid,00:03:59.300 --> 00:04:01.934
7065,7072,find,8,7057,7073,7019,7098,1149_xvid,00:03:59.300 --> 00:04:01.934
7072,7081,their,9,7069,7083,7019,7098,1149_xvid,00:03:59.300 --> 00:04:01.934
7081,7086,tax,10,7075,7086,7019,7098,1149_xvid,00:03:59.300 --> 00:04:01.934
7086,7096,breaks,11,7084,7106,7019,7098,1149_xvid,00:03:59.300 --> 00:04:01.934
7098,7107,its,0,7095,7106,7098,7145,1149_xvid,00:04:01.934 --> 00:04:03.500
7107,7119,time,1,7108,7121,7098,7145,1149_xvid,00:04:01.934 --> 00:04:03.500
7119,7128,you,2,7117,7144,7098,7145,1149_xvid,00:04:01.934 --> 00:04:03.500
7128,7137,did,3,7128,7144,7098,7145,1149_xvid,00:04:01.934 --> 00:04:03.500
7137,7146,too,4,7128,7150,7098,7145,1149_xvid,00:04:01.934 --> 00:04:03.500
7145,7156,just,0,7128,7163,7145,7286,1149_xvid,00:04:03.500 --> 00:04:08.200
7156,7169,visit,1,7156,7170,7145,7286,1149_xvid,00:04:03.500 --> 00:04:08.200
7169,7196,whitehouse,2,7166,7204,7145,7286,1149_xvid,00:04:03.500 --> 00:04:08.200
7196,7204,dot,3,7183,7204,7145,7286,1149_xvid,00:04:03.500 --> 00:04:08.200
7204,7212,gov,4,7202,7211,7145,7286,1149_xvid,00:04:03.500 --> 00:04:08.200
7212,7220,and,5,7213,7219,7145,7286,1149_xvid,00:04:03.500 --> 00:04:08.200
7220,7233,click,6,7213,7238,7145,7286,1149_xvid,00:04:03.500 --> 00:04:08.200
7233,7238,on,7,7232,7238,7145,7286,1149_xvid,00:04:03.500 --> 00:04:08.200
7238,7246,the,8,7232,7248,7145,7286,1149_xvid,00:04:03.500 --> 00:04:08.200
7246,7254,tax,9,7240,7257,7145,7286,1149_xvid,00:04:03.500 --> 00:04:08.200
7254,7273,savings,10,7250,7290,7145,7286,1149_xvid,00:04:03.500 --> 00:04:08.200
7273,7284,tool,11,7267,7290,7145,7286,1149_xvid,00:04:03.500 --> 00:04:08.200
7286,7291,its,0,7267,7290,7286,7382,1149_xvid,00:04:08.200 --> 00:04:11.400
7291,7302,already,1,7291,7314,7286,7382,1149_xvid,00:04:08.200 --> 00:04:11.400
7302,7308,been,2,7300,7314,7286,7382,1149_xvid,00:04:08.200 --> 00:04:11.400
7308,7320,accessed,3,7300,7319,7286,7382,1149_xvid,00:04:08.200 --> 00:04:11.400
7320,7326,more,4,7315,7328,7286,7382,1149_xvid,00:04:08.200 --> 00:04:11.400
7326,7332,than,5,7325,7337,7286,7382,1149_xvid,00:04:08.200 --> 00:04:11.400
7332,7337,one,6,7331,7337,7286,7382,1149_xvid,00:04:08.200 --> 00:04:11.400
7337,7348,hundred,7,7331,7350,7286,7382,1149_xvid,00:04:08.200 --> 00:04:11.400
7348,7360,thousand,8,7344,7364,7286,7382,1149_xvid,00:04:08.200 --> 00:04:11.400
7360,7368,times,9,7361,7371,7286,7382,1149_xvid,00:04:08.200 --> 00:04:11.400
7368,7371,by,10,7365,7371,7286,7382,1149_xvid,00:04:08.200 --> 00:04:11.400
7371,7379,folks,11,7365,7385,7286,7382,1149_xvid,00:04:08.200 --> 00:04:11.400
7379,7384,who,12,7374,7385,7286,7382,1149_xvid,00:04:08.200 --> 00:04:11.400
7382,7390,want,0,7374,7396,7382,7480,1149_xvid,00:04:11.400 --> 00:04:14.667
7390,7394,to,1,7386,7396,7382,7480,1149_xvid,00:04:11.400 --> 00:04:14.667
7394,7400,see,2,7386,7420,7382,7480,1149_xvid,00:04:11.400 --> 00:04:14.667
7400,7408,what,3,7397,7420,7382,7480,1149_xvid,00:04:11.400 --> 00:04:14.667
7408,7422,savings,4,7397,7436,7382,7480,1149_xvid,00:04:11.400 --> 00:04:14.667
7422,7434,theyre,5,7423,7436,7382,7480,1149_xvid,00:04:11.400 --> 00:04:14.667
7434,7442,owed,6,7423,7443,7382,7480,1149_xvid,00:04:11.400 --> 00:04:14.667
7442,7448,and,7,7437,7449,7382,7480,1149_xvid,00:04:11.400 --> 00:04:14.667
7448,7454,how,8,7444,7454,7382,7480,1149_xvid,00:04:11.400 --> 00:04:14.667
7454,7458,to,9,7451,7479,7382,7480,1149_xvid,00:04:11.400 --> 00:04:14.667
7458,7472,collect,10,7451,7479,7382,7480,1149_xvid,00:04:11.400 --> 00:04:14.667
7472,7480,them,11,7461,7479,7382,7480,1149_xvid,00:04:11.400 --> 00:04:14.667
7480,7482,if,0,7480,7488,7480,7536,1149_xvid,00:04:14.667 --> 00:04:16.533
7482,7488,youve,1,7480,7488,7480,7536,1149_xvid,00:04:14.667 --> 00:04:16.533
7488,7496,already,2,7480,7498,7480,7536,1149_xvid,00:04:14.667 --> 00:04:16.533
7496,7502,filed,3,7493,7502,7480,7536,1149_xvid,00:04:14.667 --> 00:04:16.533
7502,7507,your,4,7500,7509,7480,7536,1149_xvid,00:04:14.667 --> 00:04:16.533
7507,7513,taxes,5,7504,7526,7480,7536,1149_xvid,00:04:14.667 --> 00:04:16.533
7513,7517,and,6,7511,7526,7480,7536,1149_xvid,00:04:14.667 --> 00:04:16.533
7517,7524,missed,7,7511,7526,7480,7536,1149_xvid,00:04:14.667 --> 00:04:16.533
7524,7529,some,8,7511,7550,7480,7536,1149_xvid,00:04:14.667 --> 00:04:16.533
7529,7531,of,9,7528,7550,7480,7536,1149_xvid,00:04:14.667 --> 00:04:16.533
7531,7535,the,10,7528,7550,7480,7536,1149_xvid,00:04:14.667 --> 00:04:16.533
7536,7553,savings,0,7528,7555,7536,7609,1149_xvid,00:04:16.533 --> 00:04:18.967
7553,7575,available,1,7551,7586,7536,7609,1149_xvid,00:04:16.533 --> 00:04:18.967
7575,7580,to,2,7560,7586,7536,7609,1149_xvid,00:04:16.533 --> 00:04:18.967
7580,7587,you,3,7560,7586,7536,7609,1149_xvid,00:04:16.533 --> 00:04:18.967
7587,7597,dont,4,7588,7614,7536,7609,1149_xvid,00:04:16.533 --> 00:04:18.967
7597,7609,worry,5,7588,7614,7536,7609,1149_xvid,00:04:16.533 --> 00:04:18.967
7609,7615,you,0,7601,7614,7609,7712,1149_xvid,00:04:18.967 --> 00:04:22.400
7615,7621,can,1,7615,7631,7609,7712,1149_xvid,00:04:18.967 --> 00:04:22.400
7621,7631,still,2,7615,7631,7609,7712,1149_xvid,00:04:18.967 --> 00:04:22.400
7631,7641,amend,3,7615,7642,7609,7712,1149_xvid,00:04:18.967 --> 00:04:22.400
7641,7649,your,4,7633,7655,7609,7712,1149_xvid,00:04:18.967 --> 00:04:22.400
7649,7663,returns,5,7649,7664,7609,7712,1149_xvid,00:04:18.967 --> 00:04:22.400
7663,7673,after,6,7658,7674,7609,7712,1149_xvid,00:04:18.967 --> 00:04:22.400
7673,7683,april,7,7670,7718,7609,7712,1149_xvid,00:04:18.967 --> 00:04:22.400
7683,7701,fifteenth,8,7677,7718,7609,7712,1149_xvid,00:04:18.967 --> 00:04:22.400
7701,7705,to,9,7677,7718,7609,7712,1149_xvid,00:04:18.967 --> 00:04:22.400
7705,7713,save,10,7677,7718,7609,7712,1149_xvid,00:04:18.967 --> 00:04:22.400
7712,7733,hundreds,0,7677,7737,7712,7797,1149_xvid,00:04:22.400 --> 00:04:25.233
7733,7738,or,1,7724,7737,7712,7797,1149_xvid,00:04:22.400 --> 00:04:25.233
7738,7749,even,2,7739,7755,7712,7797,1149_xvid,00:04:22.400 --> 00:04:25.233
7749,7773,thousands,3,7739,7807,7712,7797,1149_xvid,00:04:22.400 --> 00:04:25.233
7773,7778,of,4,7771,7807,7712,7797,1149_xvid,00:04:22.400 --> 00:04:25.233
7778,7796,dollars,5,7771,7807,7712,7797,1149_xvid,00:04:22.400 --> 00:04:25.233
7797,7804,and,0,7771,7807,7797,7912,1149_xvid,00:04:25.233 --> 00:04:29.066
7804,7813,just,1,7771,7817,7797,7912,1149_xvid,00:04:25.233 --> 00:04:29.066
7813,7818,as,2,7809,7817,7797,7912,1149_xvid,00:04:25.233 --> 00:04:29.066
7818,7827,each,3,7818,7833,7797,7912,1149_xvid,00:04:25.233 --> 00:04:29.066
7827,7832,of,4,7825,7833,7797,7912,1149_xvid,00:04:25.233 --> 00:04:29.066
7832,7837,us,5,7825,7846,7797,7912,1149_xvid,00:04:25.233 --> 00:04:29.066
7837,7846,meet,6,7835,7846,7797,7912,1149_xvid,00:04:25.233 --> 00:04:29.066
7846,7853,our,7,7847,7857,7797,7912,1149_xvid,00:04:25.233 --> 00:04:29.066
7853,7889,responsibilities,8,7853,7891,7797,7912,1149_xvid,00:04:25.233 --> 00:04:29.066
7889,7894,as,9,7876,7897,7797,7912,1149_xvid,00:04:25.233 --> 00:04:29.066
7894,7912,citizens,10,7894,7914,7797,7912,1149_xvid,00:04:25.233 --> 00:04:29.066
7912,7916,we,0,7900,7917,7912,8019,1149_xvid,00:04:29.066 --> 00:04:32.633
7916,7927,expect,1,7915,7927,7912,8019,1149_xvid,00:04:29.066 --> 00:04:32.633
7927,7933,our,2,7924,7932,7912,8019,1149_xvid,00:04:29.066 --> 00:04:32.633
7933,7952,businesses,3,7934,7954,7912,8019,1149_xvid,00:04:29.066 --> 00:04:32.633
7952,7958,and,4,7934,7960,7912,8019,1149_xvid,00:04:29.066 --> 00:04:32.633
7958,7964,our,5,7955,7970,7912,8019,1149_xvid,00:04:29.066 --> 00:04:32.633
7964,7983,government,6,7962,7989,7912,8019,1149_xvid,00:04:29.066 --> 00:04:32.633
7983,7987,to,7,7971,7989,7912,8019,1149_xvid,00:04:29.066 --> 00:04:32.633
7987,7994,meet,8,7971,7996,7912,8019,1149_xvid,00:04:29.066 --> 00:04:32.633
7994,8005,theirs,9,7990,8018,7912,8019,1149_xvid,00:04:29.066 --> 00:04:32.633
8005,8009,in,10,8000,8018,7912,8019,1149_xvid,00:04:29.066 --> 00:04:32.633
8009,8020,return,11,8000,8026,7912,8019,1149_xvid,00:04:29.066 --> 00:04:32.633
8019,8025,thats,0,8019,8026,8019,8083,1149_xvid,00:04:32.633 --> 00:04:34.767
8025,8029,why,1,8019,8031,8019,8083,1149_xvid,00:04:32.633 --> 00:04:34.767
8029,8033,ive,2,8027,8045,8019,8083,1149_xvid,00:04:32.633 --> 00:04:34.767
8033,8039,asked,3,8027,8045,8019,8083,1149_xvid,00:04:32.633 --> 00:04:34.767
8039,8049,congress,4,8035,8048,8019,8083,1149_xvid,00:04:32.633 --> 00:04:34.767
8049,8052,to,5,8049,8051,8019,8083,1149_xvid,00:04:32.633 --> 00:04:34.767
8052,8058,close,6,8053,8069,8019,8083,1149_xvid,00:04:32.633 --> 00:04:34.767
8058,8063,some,7,8053,8069,8019,8083,1149_xvid,00:04:32.633 --> 00:04:34.767
8063,8066,of,8,8053,8069,8019,8083,1149_xvid,00:04:32.633 --> 00:04:34.767
8066,8070,the,9,8053,8069,8019,8083,1149_xvid,00:04:32.633 --> 00:04:34.767
8070,8079,biggest,10,8071,8086,8019,8083,1149_xvid,00:04:32.633 --> 00:04:34.767
8079,8083,tax,11,8075,8086,8019,8083,1149_xvid,00:04:32.633 --> 00:04:34.767
8083,8103,loopholes,0,8075,8102,8083,8205,1149_xvid,00:04:34.767 --> 00:04:38.834
8103,8123,exploited,1,8103,8126,8083,8205,1149_xvid,00:04:34.767 --> 00:04:38.834
8123,8127,by,2,8121,8126,8083,8205,1149_xvid,00:04:34.767 --> 00:04:38.834
8127,8136,some,3,8127,8145,8083,8205,1149_xvid,00:04:34.767 --> 00:04:38.834
8136,8140,of,4,8131,8145,8083,8205,1149_xvid,00:04:34.767 --> 00:04:38.834
8140,8147,our,5,8131,8150,8083,8205,1149_xvid,00:04:34.767 --> 00:04:38.834
8147,8156,most,6,8146,8159,8083,8205,1149_xvid,00:04:34.767 --> 00:04:38.834
8156,8178,profitable,7,8155,8190,8083,8205,1149_xvid,00:04:34.767 --> 00:04:38.834
8178,8204,corporations,8,8176,8209,8083,8205,1149_xvid,00:04:34.767 --> 00:04:38.834
8205,8209,to,0,8197,8209,8205,8265,1149_xvid,00:04:38.834 --> 00:04:40.834
8209,8220,avoid,1,8197,8230,8205,8265,1149_xvid,00:04:38.834 --> 00:04:40.834
8220,8233,paying,2,8219,8236,8205,8265,1149_xvid,00:04:38.834 --> 00:04:40.834
8233,8244,their,3,8232,8244,8205,8265,1149_xvid,00:04:38.834 --> 00:04:40.834
8244,8253,fair,4,8240,8277,8205,8265,1149_xvid,00:04:38.834 --> 00:04:40.834
8253,8264,share,5,8250,8277,8205,8265,1149_xvid,00:04:38.834 --> 00:04:40.834
8265,8270,or,0,8250,8277,8265,8341,1149_xvid,00:04:40.834 --> 00:04:43.367
8270,8275,in,1,8250,8277,8265,8341,1149_xvid,00:04:40.834 --> 00:04:43.367
8275,8285,some,2,8250,8284,8265,8341,1149_xvid,00:04:40.834 --> 00:04:43.367
8285,8298,cases,3,8280,8303,8265,8341,1149_xvid,00:04:40.834 --> 00:04:43.367
8298,8314,paying,4,8291,8318,8265,8341,1149_xvid,00:04:40.834 --> 00:04:43.367
8314,8327,taxes,5,8305,8344,8265,8341,1149_xvid,00:04:40.834 --> 00:04:43.367
8327,8332,at,6,8322,8344,8265,8341,1149_xvid,00:04:40.834 --> 00:04:43.367
8332,8340,all,7,8322,8344,8265,8341,1149_xvid,00:04:40.834 --> 00:04:43.367
8341,8349,thats,0,8322,8350,8341,8412,1149_xvid,00:04:43.367 --> 00:04:45.734
8349,8354,why,1,8345,8353,8341,8412,1149_xvid,00:04:43.367 --> 00:04:45.734
8354,8360,were,2,8351,8360,8341,8412,1149_xvid,00:04:43.367 --> 00:04:45.734
8360,8375,tightening,3,8356,8383,8341,8412,1149_xvid,00:04:43.367 --> 00:04:45.734
8375,8392,washingtons,4,8376,8398,8341,8412,1149_xvid,00:04:43.367 --> 00:04:45.734
8392,8398,belt,5,8393,8398,8341,8412,1149_xvid,00:04:43.367 --> 00:04:45.734
8398,8401,by,6,8393,8411,8341,8412,1149_xvid,00:04:43.367 --> 00:04:45.734
8401,8412,cutting,7,8393,8411,8341,8412,1149_xvid,00:04:43.367 --> 00:04:45.734
8412,8429,programs,0,8412,8443,8412,8510,1149_xvid,00:04:45.734 --> 00:04:49.000
8429,8438,that,1,8430,8443,8412,8510,1149_xvid,00:04:45.734 --> 00:04:49.000
8438,8447,dont,2,8430,8462,8412,8510,1149_xvid,00:04:45.734 --> 00:04:49.000
8447,8456,work,3,8430,8462,8412,8510,1149_xvid,00:04:45.734 --> 00:04:49.000
8456,8462,and,4,8455,8462,8412,8510,1149_xvid,00:04:45.734 --> 00:04:49.000
8462,8481,contracts,5,8463,8481,8412,8510,1149_xvid,00:04:45.734 --> 00:04:49.000
8481,8490,that,6,8482,8496,8412,8510,1149_xvid,00:04:45.734 --> 00:04:49.000
8490,8501,arent,7,8490,8514,8412,8510,1149_xvid,00:04:45.734 --> 00:04:49.000
8501,8510,fair,8,8502,8514,8412,8510,1149_xvid,00:04:45.734 --> 00:04:49.000
8510,8517,and,0,8502,8519,8510,8563,1149_xvid,00:04:49.000 --> 00:04:50.767
8517,8537,spending,1,8517,8542,8510,8563,1149_xvid,00:04:49.000 --> 00:04:50.767
8537,8542,we,2,8523,8542,8510,8563,1149_xvid,00:04:49.000 --> 00:04:50.767
8542,8552,dont,3,8543,8567,8510,8563,1149_xvid,00:04:49.000 --> 00:04:50.767
8552,8562,need,4,8543,8567,8510,8563,1149_xvid,00:04:49.000 --> 00:04:50.767
8563,8569,and,0,8543,8571,8563,8645,1149_xvid,00:04:50.767 --> 00:04:53.500
8569,8578,thats,1,8569,8581,8563,8645,1149_xvid,00:04:50.767 --> 00:04:53.500
8578,8584,why,2,8572,8586,8563,8645,1149_xvid,00:04:50.767 --> 00:04:53.500
8584,8590,ive,3,8585,8599,8563,8645,1149_xvid,00:04:50.767 --> 00:04:53.500
8590,8605,proposed,4,8589,8614,8563,8645,1149_xvid,00:04:50.767 --> 00:04:53.500
8605,8607,a,5,8600,8614,8563,8645,1149_xvid,00:04:50.767 --> 00:04:53.500
8607,8618,freeze,6,8600,8630,8563,8645,1149_xvid,00:04:50.767 --> 00:04:53.500
8618,8622,on,7,8619,8630,8563,8645,1149_xvid,00:04:50.767 --> 00:04:53.500
8622,8646,discretionary,8,8619,8645,8563,8645,1149_xvid,00:04:50.767 --> 00:04:53.500
8645,8661,spending,0,8635,8692,8645,8734,1149_xvid,00:04:53.500 --> 00:04:56.467
8661,8673,signed,1,8652,8692,8645,8734,1149_xvid,00:04:53.500 --> 00:04:56.467
8673,8679,the,2,8652,8692,8645,8734,1149_xvid,00:04:53.500 --> 00:04:56.467
8679,8685,law,3,8652,8692,8645,8734,1149_xvid,00:04:53.500 --> 00:04:56.467
8685,8693,that,4,8652,8692,8645,8734,1149_xvid,00:04:53.500 --> 00:04:56.467
8693,8709,restores,5,8694,8711,8645,8734,1149_xvid,00:04:53.500 --> 00:04:56.467
8709,8715,the,6,8706,8715,8645,8734,1149_xvid,00:04:53.500 --> 00:04:56.467
8715,8721,pay,7,8714,8723,8645,8734,1149_xvid,00:04:53.500 --> 00:04:56.467
8721,8725,as,8,8717,8733,8645,8734,1149_xvid,00:04:53.500 --> 00:04:56.467
8725,8731,you,9,8717,8733,8645,8734,1149_xvid,00:04:53.500 --> 00:04:56.467
8731,8735,go,10,8727,8739,8645,8734,1149_xvid,00:04:53.500 --> 00:04:56.467
8734,8749,principle,0,8727,8755,8734,8831,1149_xvid,00:04:56.467 --> 00:04:59.700
8749,8756,that,1,8749,8755,8734,8831,1149_xvid,00:04:56.467 --> 00:04:59.700
8756,8766,helped,2,8756,8773,8734,8831,1149_xvid,00:04:56.467 --> 00:04:59.700
8766,8777,produce,3,8759,8776,8734,8831,1149_xvid,00:04:56.467 --> 00:04:59.700
8777,8782,the,4,8778,8782,8734,8831,1149_xvid,00:04:56.467 --> 00:04:59.700
8782,8797,surpluses,5,8778,8815,8734,8831,1149_xvid,00:04:56.467 --> 00:04:59.700
8797,8800,of,6,8791,8815,8734,8831,1149_xvid,00:04:56.467 --> 00:04:59.700
8800,8805,the,7,8791,8815,8734,8831,1149_xvid,00:04:56.467 --> 00:04:59.700
8805,8818,nineteen,8,8791,8844,8734,8831,1149_xvid,00:04:56.467 --> 00:04:59.700
8818,8831,nineties,9,8819,8844,8734,8831,1149_xvid,00:04:56.467 --> 00:04:59.700
8831,8837,and,0,8819,8844,8831,8930,1149_xvid,00:04:59.700 --> 00:05:03.000
8837,8851,created,1,8819,8850,8831,8930,1149_xvid,00:04:59.700 --> 00:05:03.000
8851,8853,a,2,8846,8859,8831,8930,1149_xvid,00:04:59.700 --> 00:05:03.000
8853,8873,bipartisan,3,8854,8889,8831,8930,1149_xvid,00:04:59.700 --> 00:05:03.000
8873,8895,independent,4,8861,8894,8831,8930,1149_xvid,00:04:59.700 --> 00:05:03.000
8895,8915,commission,5,8895,8928,8831,8930,1149_xvid,00:04:59.700 --> 00:05:03.000
8915,8919,to,6,8898,8928,8831,8930,1149_xvid,00:04:59.700 --> 00:05:03.000
8919,8927,help,7,8898,8928,8831,8930,1149_xvid,00:04:59.700 --> 00:05:03.000
8930,8940,solve,0,8931,8944,8930,9021,1149_xvid,00:05:03.000 --> 00:05:06.033
8940,8946,our,1,8936,8946,8930,9021,1149_xvid,00:05:03.000 --> 00:05:06.033
8946,8957,fiscal,2,8945,8956,8930,9021,1149_xvid,00:05:03.000 --> 00:05:06.033
8957,8968,crisis,3,8951,8967,8930,9021,1149_xvid,00:05:03.000 --> 00:05:06.033
8968,8974,and,4,8965,8995,8930,9021,1149_xvid,00:05:03.000 --> 00:05:06.033
8974,8984,close,5,8971,8995,8930,9021,1149_xvid,00:05:03.000 --> 00:05:06.033
8984,8990,the,6,8971,8995,8930,9021,1149_xvid,00:05:03.000 --> 00:05:06.033
8990,9005,deficits,7,8971,9005,8930,9021,1149_xvid,00:05:03.000 --> 00:05:06.033
9005,9013,that,8,8998,9013,8930,9021,1149_xvid,00:05:03.000 --> 00:05:06.033
9013,9021,have,9,9007,9020,8930,9021,1149_xvid,00:05:03.000 --> 00:05:06.033
9021,9033,been,0,9022,9036,9021,9085,1149_xvid,00:05:06.033 --> 00:05:08.166
9033,9054,growing,1,9027,9054,9021,9085,1149_xvid,00:05:06.033 --> 00:05:08.166
9054,9063,for,2,9051,9082,9021,9085,1149_xvid,00:05:06.033 --> 00:05:08.166
9063,9066,a,3,9056,9082,9021,9085,1149_xvid,00:05:06.033 --> 00:05:08.166
9066,9084,decade,4,9056,9092,9021,9085,1149_xvid,00:05:06.033 --> 00:05:08.166
9085,9099,because,0,9083,9117,9085,9189,1149_xvid,00:05:08.166 --> 00:05:11.633
9099,9101,i,1,9096,9117,9085,9189,1149_xvid,00:05:08.166 --> 00:05:11.633
9101,9113,refuse,2,9096,9117,9085,9189,1149_xvid,00:05:08.166 --> 00:05:11.633
9113,9117,to,3,9096,9117,9085,9189,1149_xvid,00:05:08.166 --> 00:05:11.633
9117,9127,leave,4,9118,9134,9085,9189,1149_xvid,00:05:08.166 --> 00:05:11.633
9127,9133,our,5,9127,9134,9085,9189,1149_xvid,00:05:08.166 --> 00:05:11.633
9133,9149,problems,6,9127,9148,9085,9189,1149_xvid,00:05:08.166 --> 00:05:11.633
9149,9153,to,7,9150,9161,9085,9189,1149_xvid,00:05:08.166 --> 00:05:11.633
9153,9159,the,8,9152,9161,9085,9189,1149_xvid,00:05:08.166 --> 00:05:11.633
9159,9167,next,9,9152,9188,9085,9189,1149_xvid,00:05:08.166 --> 00:05:11.633
9167,9187,generation,10,9168,9188,9085,9189,1149_xvid,00:05:08.166 --> 00:05:11.633
9189,9195,its,0,9189,9194,9189,9257,1149_xvid,00:05:11.633 --> 00:05:13.900
9195,9203,been,1,9195,9202,9189,9257,1149_xvid,00:05:11.633 --> 00:05:13.900
9203,9205,a,2,9198,9208,9189,9257,1149_xvid,00:05:11.633 --> 00:05:13.900
9205,9215,tough,3,9206,9218,9189,9257,1149_xvid,00:05:11.633 --> 00:05:13.900
9215,9227,couple,4,9209,9226,9189,9257,1149_xvid,00:05:11.633 --> 00:05:13.900
9227,9237,years,5,9228,9237,9189,9257,1149_xvid,00:05:11.633 --> 00:05:13.900
9237,9243,for,6,9236,9257,9189,9257,1149_xvid,00:05:11.633 --> 00:05:13.900
9243,9257,america,7,9244,9257,9189,9257,1149_xvid,00:05:11.633 --> 00:05:13.900
9257,9263,but,0,9258,9275,9257,9312,1149_xvid,00:05:13.900 --> 00:05:15.734
9263,9269,the,1,9264,9275,9257,9312,1149_xvid,00:05:13.900 --> 00:05:15.734
9269,9286,economys,2,9264,9291,9257,9312,1149_xvid,00:05:13.900 --> 00:05:15.734
9286,9301,growing,3,9277,9314,9257,9312,1149_xvid,00:05:13.900 --> 00:05:15.734
9301,9311,again,4,9298,9314,9257,9312,1149_xvid,00:05:13.900 --> 00:05:15.734
9312,9330,companies,0,9298,9335,9312,9376,1149_xvid,00:05:15.734 --> 00:05:17.867
9330,9336,are,1,9316,9335,9312,9376,1149_xvid,00:05:15.734 --> 00:05:17.867
9336,9354,beginning,2,9316,9353,9312,9376,1149_xvid,00:05:15.734 --> 00:05:17.867
9354,9358,to,3,9355,9359,9312,9376,1149_xvid,00:05:15.734 --> 00:05:17.867
9358,9366,hire,4,9355,9391,9312,9376,1149_xvid,00:05:15.734 --> 00:05:17.867
9366,9376,again,5,9363,9391,9312,9376,1149_xvid,00:05:15.734 --> 00:05:17.867
9376,9379,we,0,9363,9391,9376,9451,1149_xvid,00:05:17.867 --> 00:05:20.367
9379,9384,are,1,9363,9391,9376,9451,1149_xvid,00:05:17.867 --> 00:05:20.367
9384,9398,rewarding,2,9363,9401,9376,9451,1149_xvid,00:05:17.867 --> 00:05:20.367
9398,9404,work,3,9392,9420,9376,9451,1149_xvid,00:05:17.867 --> 00:05:20.367
9404,9409,and,4,9392,9420,9376,9451,1149_xvid,00:05:17.867 --> 00:05:20.367
9409,9420,helping,5,9392,9420,9376,9451,1149_xvid,00:05:17.867 --> 00:05:20.367
9420,9426,more,6,9421,9431,9376,9451,1149_xvid,00:05:17.867 --> 00:05:20.367
9426,9429,of,7,9421,9431,9376,9451,1149_xvid,00:05:17.867 --> 00:05:20.367
9429,9434,our,8,9421,9436,9376,9451,1149_xvid,00:05:17.867 --> 00:05:20.367
9434,9443,people,9,9433,9445,9376,9451,1149_xvid,00:05:17.867 --> 00:05:20.367
9443,9451,reach,10,9442,9451,9376,9451,1149_xvid,00:05:17.867 --> 00:05:20.367
9451,9459,for,0,9448,9467,9451,9512,1149_xvid,00:05:20.367 --> 00:05:22.400
9459,9467,the,1,9453,9467,9451,9512,1149_xvid,00:05:20.367 --> 00:05:22.400
9467,9487,american,2,9468,9516,9451,9512,1149_xvid,00:05:20.367 --> 00:05:22.400
9487,9500,dream,3,9488,9516,9451,9512,1149_xvid,00:05:20.367 --> 00:05:22.400
9500,9513,again,4,9488,9516,9451,9512,1149_xvid,00:05:20.367 --> 00:05:22.400
9512,9516,and,0,9488,9516,9512,9566,1149_xvid,00:05:22.400 --> 00:05:24.200
9516,9522,while,1,9517,9532,9512,9566,1149_xvid,00:05:22.400 --> 00:05:24.200
9522,9529,theres,2,9522,9532,9512,9566,1149_xvid,00:05:22.400 --> 00:05:24.200
9529,9531,no,3,9522,9532,9512,9566,1149_xvid,00:05:22.400 --> 00:05:24.200
9531,9537,doubt,4,9522,9543,9512,9566,1149_xvid,00:05:22.400 --> 00:05:24.200
9537,9539,we,5,9534,9543,9512,9566,1149_xvid,00:05:22.400 --> 00:05:24.200
9539,9545,still,6,9534,9548,9512,9566,1149_xvid,00:05:22.400 --> 00:05:24.200
9545,9550,face,7,9545,9558,9512,9566,1149_xvid,00:05:22.400 --> 00:05:24.200
9550,9551,a,8,9549,9558,9512,9566,1149_xvid,00:05:22.400 --> 00:05:24.200
9551,9556,long,9,9549,9558,9512,9566,1149_xvid,00:05:22.400 --> 00:05:24.200
9556,9564,journey,10,9549,9569,9512,9566,1149_xvid,00:05:22.400 --> 00:05:24.200
9566,9590,together,0,9562,9599,9566,9649,1149_xvid,00:05:24.200 --> 00:05:26.967
9590,9602,with,1,9585,9611,9566,9649,1149_xvid,00:05:24.200 --> 00:05:26.967
9602,9614,more,2,9601,9616,9566,9649,1149_xvid,00:05:24.200 --> 00:05:26.967
9614,9629,steps,3,9613,9661,9566,9649,1149_xvid,00:05:24.200 --> 00:05:26.967
9629,9635,to,4,9624,9661,9566,9649,1149_xvid,00:05:24.200 --> 00:05:26.967
9635,9647,take,5,9624,9661,9566,9649,1149_xvid,00:05:24.200 --> 00:05:26.967
9649,9656,more,0,9624,9661,9649,9738,1149_xvid,00:05:26.967 --> 00:05:29.934
9656,9672,obstacles,1,9624,9673,9649,9738,1149_xvid,00:05:26.967 --> 00:05:29.934
9672,9675,to,2,9665,9678,9649,9738,1149_xvid,00:05:26.967 --> 00:05:29.934
9675,9689,overcome,3,9674,9688,9649,9738,1149_xvid,00:05:26.967 --> 00:05:29.934
9689,9694,and,4,9685,9706,9649,9738,1149_xvid,00:05:26.967 --> 00:05:29.934
9694,9701,more,5,9685,9706,9649,9738,1149_xvid,00:05:26.967 --> 00:05:29.934
9701,9718,challenges,6,9697,9723,9649,9738,1149_xvid,00:05:26.967 --> 00:05:29.934
9718,9721,to,7,9707,9723,9649,9738,1149_xvid,00:05:26.967 --> 00:05:29.934
9721,9728,face,8,9707,9734,9649,9738,1149_xvid,00:05:26.967 --> 00:05:29.934
9728,9737,along,9,9727,9773,9649,9738,1149_xvid,00:05:26.967 --> 00:05:29.934
9738,9745,the,0,9735,9773,9738,9848,1149_xvid,00:05:29.934 --> 00:05:33.600
9745,9752,way,1,9735,9773,9738,9848,1149_xvid,00:05:29.934 --> 00:05:33.600
9752,9757,if,2,9735,9773,9738,9848,1149_xvid,00:05:29.934 --> 00:05:33.600
9757,9772,theres,3,9735,9773,9738,9848,1149_xvid,00:05:29.934 --> 00:05:33.600
9772,9779,one,4,9735,9785,9738,9848,1149_xvid,00:05:29.934 --> 00:05:33.600
9779,9791,thing,5,9774,9794,9738,9848,1149_xvid,00:05:29.934 --> 00:05:33.600
9791,9796,on,6,9790,9806,9738,9848,1149_xvid,00:05:29.934 --> 00:05:33.600
9796,9808,which,7,9790,9813,9738,9848,1149_xvid,00:05:29.934 --> 00:05:33.600
9808,9815,the,8,9807,9816,9738,9848,1149_xvid,00:05:29.934 --> 00:05:33.600
9815,9830,people,9,9815,9837,9738,9848,1149_xvid,00:05:29.934 --> 00:05:33.600
9830,9835,of,10,9830,9837,9738,9848,1149_xvid,00:05:29.934 --> 00:05:33.600
9835,9845,this,11,9830,9844,9738,9848,1149_xvid,00:05:29.934 --> 00:05:33.600
9848,9857,great,0,9845,9856,9848,9945,1149_xvid,00:05:33.600 --> 00:05:36.834
9857,9870,country,1,9852,9869,9848,9945,1149_xvid,00:05:33.600 --> 00:05:36.834
9870,9878,have,2,9871,9886,9848,9945,1149_xvid,00:05:33.600 --> 00:05:36.834
9878,9895,convinced,3,9875,9910,9848,9945,1149_xvid,00:05:33.600 --> 00:05:36.834
9895,9899,me,4,9888,9910,9848,9945,1149_xvid,00:05:33.600 --> 00:05:36.834
9899,9905,its,5,9899,9910,9848,9945,1149_xvid,00:05:33.600 --> 00:05:36.834
9905,9913,that,6,9899,9913,9848,9945,1149_xvid,00:05:33.600 --> 00:05:36.834
9913,9919,the,7,9914,9932,9848,9945,1149_xvid,00:05:33.600 --> 00:05:36.834
9919,9930,united,8,9919,9932,9848,9945,1149_xvid,00:05:33.600 --> 00:05:36.834
9930,9941,states,9,9919,9941,9848,9945,1149_xvid,00:05:33.600 --> 00:05:36.834
9941,9945,of,10,9937,9944,9848,9945,1149_xvid,00:05:33.600 --> 00:05:36.834
9945,9967,america,0,9946,9972,9945,10059,1149_xvid,00:05:36.834 --> 00:05:40.633
9967,9980,will,1,9968,9984,9945,10059,1149_xvid,00:05:36.834 --> 00:05:40.633
9980,10002,recover,2,9978,10003,9945,10059,1149_xvid,00:05:36.834 --> 00:05:40.633
10002,10027,stronger,3,10000,10030,9945,10059,1149_xvid,00:05:36.834 --> 00:05:40.633
10027,10040,than,4,10025,10063,9945,10059,1149_xvid,00:05:36.834 --> 00:05:40.633
10040,10059,before,5,10035,10063,9945,10059,1149_xvid,00:05:36.834 --> 00:05:40.633
10059,10071,thanks,0,10035,10076,10059,10134,1149_xvid,00:05:40.633 --> 00:05:43.133
10071,10077,for,1,10068,10076,10059,10134,1149_xvid,00:05:40.633 --> 00:05:43.133
10077,10095,listening,2,10077,10096,10059,10134,1149_xvid,00:05:40.633 --> 00:05:43.133
10095,10101,and,3,10084,10108,10059,10134,1149_xvid,00:05:40.633 --> 00:05:43.133
10101,10109,have,4,10099,10108,10059,10134,1149_xvid,00:05:40.633 --> 00:05:43.133
10109,10111,a,5,10110,10112,10059,10134,1149_xvid,00:05:40.633 --> 00:05:43.133
10111,10121,great,6,10110,10132,10059,10134,1149_xvid,00:05:40.633 --> 00:05:43.133
10121,10135,weekend,7,10120,10132,10059,10134,1149_xvid,00:05:40.633 --> 00:05:43.133
